SET NAMES utf8mb4;
SET FOREIGN_KEY_CHECKS = 0;

-- Clear existing data
TRUNCATE TABLE `asset_user`;
TRUNCATE TABLE `asset_product`;
TRUNCATE TABLE `asset_file`;
TRUNCATE TABLE `user_favorite_product`;
TRUNCATE TABLE `edit_lock`;

-- Users
INSERT INTO `asset_user` (`id`, `username`, `password_hash`, `real_name`, `emp_no`, `role_type`) VALUES
(1, 'admin', '$2a$10$fsdSi9dTN4/HwXq9hDLzreKo2X7B5QqcbjqVswbPMLx/eHKz00VRu', '系统管理员', 'ADMIN001', 1),
(2, 'chendong', '$2a$10$fsdSi9dTN4/HwXq9hDLzreKo2X7B5QqcbjqVswbPMLx/eHKz00VRu', '陈东', 'NO.9527', 2),
(3, 'linlin', '$2a$10$fsdSi9dTN4/HwXq9hDLzreKo2X7B5QqcbjqVswbPMLx/eHKz00VRu', '林琳', 'NO.9528', 2),
(4, 'wangqiang', '$2a$10$fsdSi9dTN4/HwXq9hDLzreKo2X7B5QqcbjqVswbPMLx/eHKz00VRu', '王强', 'NO.9529', 3);

-- Products
INSERT INTO `asset_product` (`id`, `product_code`, `product_name`, `team_name`, `domain_name`, `owner_id`, `asset_count`) VALUES
(1, 'PROD-001', '核心银行系统', '测试二团队', '供应链域', 2, 31),
(2, 'PROD-002', '个人网银系统', '测试三团队', '数据智能域', 2, 6),
(3, 'PROD-003', '企业网银系统', '测试四团队', '基础架构域', 2, 45),
(4, 'PROD-004', '手机银行APP', '性能及非功能测试团队', '客户服务域', 2, 26),
(5, 'PROD-005', '贷款管理系统', '测试一团队', '金融核心域', 2, 45),
(6, 'PROD-006', '信用卡业务系统', '测试二团队', '供应链域', 2, 7),
(7, 'PROD-007', '支付结算系统', '测试三团队', '数据智能域', 2, 16),
(8, 'PROD-008', '风险预警系统', '测试四团队', '基础架构域', 2, 23),
(9, 'PROD-009', '反洗钱监测系统', '性能及非功能测试团队', '客户服务域', 2, 15),
(10, 'PROD-010', '客户关系管理系统(CRM)', '测试一团队', '金融核心域', 2, 10),
(11, 'PROD-011', '资产负债管理系统', '测试二团队', '供应链域', 2, 31),
(12, 'PROD-012', '票据业务系统', '测试三团队', '数据智能域', 2, 47),
(13, 'PROD-013', '外汇交易系统', '测试四团队', '基础架构域', 2, 6),
(14, 'PROD-014', '期货交易系统', '性能及非功能测试团队', '客户服务域', 2, 9),
(15, 'PROD-015', '理财销售系统', '测试一团队', '金融核心域', 2, 40),
(16, 'PROD-016', '柜面操作系统', '测试二团队', '供应链域', 2, 49),
(17, 'PROD-017', '征信管理系统', '测试三团队', '数据智能域', 2, 30),
(18, 'PROD-018', '中间业务平台', '测试四团队', '基础架构域', 2, 41),
(19, 'PROD-019', '数据仓库(EDW)', '性能及非功能测试团队', '客户服务域', 2, 35),
(20, 'PROD-020', '报表统计系统', '测试一团队', '金融核心域', 2, 50),
(21, 'PROD-021', '银企直连系统', '测试二团队', '供应链域', 2, 35),
(22, 'PROD-022', 'ATM终端管理系统', '测试三团队', '数据智能域', 2, 25),
(23, 'PROD-023', 'POS收单系统', '测试四团队', '基础架构域', 2, 43),
(24, 'PROD-024', '电子档案管理系统', '性能及非功能测试团队', '客户服务域', 2, 23),
(25, 'PROD-025', '人力资源管理系统', '测试一团队', '金融核心域', 2, 11),
(26, 'PROD-026', '财务核算系统', '测试二团队', '供应链域', 2, 47),
(27, 'PROD-027', '办公自动化系统(OA)', '测试三团队', '数据智能域', 2, 41),
(28, 'PROD-028', '审计管理系统', '测试四团队', '基础架构域', 2, 14),
(29, 'PROD-029', '知识库管理系统', '性能及非功能测试团队', '客户服务域', 2, 17),
(30, 'PROD-030', '呼叫中心系统', '测试一团队', '金融核心域', 2, 16),
(31, 'PROD-031', '移动展业系统', '测试二团队', '供应链域', 2, 32),
(32, 'PROD-032', '供应链金融平台', '测试三团队', '数据智能域', 2, 35),
(33, 'PROD-033', '普惠金融系统', '测试四团队', '基础架构域', 2, 44),
(34, 'PROD-034', '同业拆借系统', '性能及非功能测试团队', '客户服务域', 2, 45),
(35, 'PROD-035', '债券交易系统', '测试一团队', '金融核心域', 2, 13),
(36, 'PROD-036', '基金代销系统', '测试二团队', '供应链域', 2, 17),
(37, 'PROD-037', '黄金交易系统', '测试三团队', '数据智能域', 2, 7),
(38, 'PROD-038', '保管箱管理系统', '测试四团队', '基础架构域', 2, 8),
(39, 'PROD-039', '押品管理系统', '性能及非功能测试团队', '客户服务域', 2, 36),
(40, 'PROD-040', '额度管理系统', '测试一团队', '金融核心域', 2, 10),
(41, 'PROD-041', '绩效考核系统', '测试二团队', '供应链域', 2, 47),
(42, 'PROD-042', '培训管理系统', '测试三团队', '数据智能域', 2, 40),
(43, 'PROD-043', '党建管理系统', '测试四团队', '基础架构域', 2, 9),
(44, 'PROD-044', '档案影像系统', '性能及非功能测试团队', '客户服务域', 2, 6),
(45, 'PROD-045', '印章管理系统', '测试一团队', '金融核心域', 2, 49),
(46, 'PROD-046', '安全认证系统', '测试二团队', '供应链域', 2, 37),
(47, 'PROD-047', '统一门户系统', '测试三团队', '数据智能域', 2, 28),
(48, 'PROD-048', '单点登录系统', '测试四团队', '基础架构域', 2, 27),
(49, 'PROD-049', '消息推送平台', '性能及非功能测试团队', '客户服务域', 2, 24),
(50, 'PROD-050', '日志审计系统', '测试一团队', '金融核心域', 2, 34),
(51, 'PROD-051', '漏洞扫描系统', '测试二团队', '供应链域', 2, 29),
(52, 'PROD-052', '堡垒机系统', '测试三团队', '数据智能域', 2, 42),
(53, 'PROD-053', '防火墙管理系统', '测试四团队', '基础架构域', 2, 27),
(54, 'PROD-054', '入侵检测系统', '性能及非功能测试团队', '客户服务域', 2, 38),
(55, 'PROD-055', '态势感知平台', '测试一团队', '金融核心域', 2, 28),
(56, 'PROD-056', '云管理平台', '测试二团队', '供应链域', 2, 40),
(57, 'PROD-057', '容器云平台', '测试三团队', '数据智能域', 2, 41),
(58, 'PROD-058', '微服务治理平台', '测试四团队', '基础架构域', 2, 41),
(59, 'PROD-059', '分布式数据库集群', '性能及非功能测试团队', '客户服务域', 2, 15),
(60, 'PROD-060', '分布式缓存系统', '测试一团队', '金融核心域', 2, 47),
(61, 'PROD-061', '分布式消息队列', '测试二团队', '供应链域', 2, 21),
(62, 'PROD-062', '分布式事务框架', '测试三团队', '数据智能域', 2, 26),
(63, 'PROD-063', '分布式配置中心', '测试四团队', '基础架构域', 2, 9),
(64, 'PROD-064', '分布式调度系统', '性能及非功能测试团队', '客户服务域', 2, 16),
(65, 'PROD-065', '分布式文件系统', '测试一团队', '金融核心域', 2, 25),
(66, 'PROD-066', '大数据计算平台', '测试二团队', '供应链域', 2, 45),
(67, 'PROD-067', '流式计算引擎', '测试三团队', '数据智能域', 2, 46),
(68, 'PROD-068', '机器学习平台', '测试四团队', '基础架构域', 2, 23),
(69, 'PROD-069', '图数据库系统', '性能及非功能测试团队', '客户服务域', 2, 25),
(70, 'PROD-070', '全文检索系统', '测试一团队', '金融核心域', 2, 12),
(71, 'PROD-071', '区块链存证平台', '测试二团队', '供应链域', 2, 35),
(72, 'PROD-072', '生物识别认证系统', '测试三团队', '数据智能域', 2, 49),
(73, 'PROD-073', '智能客服机器人', '测试四团队', '基础架构域', 2, 33),
(74, 'PROD-074', '智能投顾系统', '性能及非功能测试团队', '客户服务域', 2, 20),
(75, 'PROD-075', '智能风控引擎', '测试一团队', '金融核心域', 2, 36),
(76, 'PROD-076', '智能营销平台', '测试二团队', '供应链域', 2, 12),
(77, 'PROD-077', '智能审计系统', '测试三团队', '数据智能域', 2, 28),
(78, 'PROD-078', '智能运维平台', '测试四团队', '基础架构域', 2, 19),
(79, 'PROD-079', '智能监控系统', '性能及非功能测试团队', '客户服务域', 2, 47),
(80, 'PROD-080', '智能报表系统', '测试一团队', '金融核心域', 2, 15);

-- Asset Files
INSERT INTO `asset_file` (`id`, `product_id`, `parent_id`, `tree_path`, `node_type`, `file_name`, `created_by`) VALUES
(1000, 0, 0, '/0/1000/', 1, '测试技术及工艺专区', 1),
(1001, 0, 1000, '/0/1000/1001/', 1, '通用测试点', 1),
(1002, 0, 1000, '/0/1000/1002/', 1, '信创测试', 1),
(1003, 0, 1000, '/0/1000/1003/', 1, '质量专题', 1),
(1004, 0, 1003, '/0/1000/1003/1004/', 1, '缺陷分析', 1),
(1005, 0, 1003, '/0/1000/1003/1005/', 1, '安全生产故障分析', 1),
(1006, 0, 1000, '/0/1000/1006/', 1, '测试案例分级', 1),
(1007, 0, 1000, '/0/1000/1007/', 1, '测试数据集', 1),
(1008, 0, 1000, '/0/1000/1008/', 1, '非功能测试', 1),
(1009, 0, 1008, '/0/1000/1008/1009/', 1, '工作指引', 1),
(1010, 0, 1008, '/0/1000/1008/1010/', 1, '操作指南', 1),
(1011, 0, 1008, '/0/1000/1008/1011/', 1, '能力全景图', 1),
(1012, 0, 1000, '/0/1000/1012/', 1, '性能测试', 1),
(1013, 0, 1012, '/0/1000/1012/1013/', 1, '工作指引', 1),
(1014, 0, 1012, '/0/1000/1012/1014/', 1, '性能档案', 1),
(1015, 0, 1012, '/0/1000/1012/1015/', 1, '测试问题库', 1),
(1016, 0, 1012, '/0/1000/1012/1016/', 1, '实践积累', 1),
(1017, 0, 1000, '/0/1000/1017/', 1, '自动化测试', 1),
(1018, 0, 1017, '/0/1000/1017/1018/', 1, '优秀实践', 1),
(1019, 0, 1000, '/0/1000/1019/', 1, '稳定性测试', 1),
(1020, 0, 1019, '/0/1000/1019/1020/', 1, '优秀实践', 1),
(1021, 0, 1000, '/0/1000/1021/', 1, '智能化测试', 1),
(1022, 0, 1021, '/0/1000/1021/1022/', 1, '优秀实践', 1),
(1023, 0, 0, '/0/1023/', 1, '测试管理专区', 1),
(1024, 0, 1023, '/0/1023/1024/', 1, '测试任务管理', 1),
(1025, 0, 1023, '/0/1023/1025/', 1, '批次管理', 1),
(1026, 1, 0, '/1/1026/', 1, '0.产品功能全景及功能测试指南', 1),
(1027, 1, 0, '/1/1027/', 1, '1.产品架构及关联产品', 1),
(1028, 1, 0, '/1/1028/', 1, '2.产品缺陷分析', 1),
(1029, 1, 0, '/1/1029/', 1, '3.产品业务知识', 1),
(1030, 1, 0, '/1/1030/', 1, '4.产品其他支持类文档', 1),
(1031, 2, 0, '/2/1031/', 1, '0.产品功能全景及功能测试指南', 1),
(1032, 2, 0, '/2/1032/', 1, '1.产品架构及关联产品', 1),
(1033, 2, 0, '/2/1033/', 1, '2.产品缺陷分析', 1),
(1034, 2, 0, '/2/1034/', 1, '3.产品业务知识', 1),
(1035, 2, 0, '/2/1035/', 1, '4.产品其他支持类文档', 1),
(1036, 3, 0, '/3/1036/', 1, '0.产品功能全景及功能测试指南', 1),
(1037, 3, 0, '/3/1037/', 1, '1.产品架构及关联产品', 1),
(1038, 3, 0, '/3/1038/', 1, '2.产品缺陷分析', 1),
(1039, 3, 0, '/3/1039/', 1, '3.产品业务知识', 1),
(1040, 3, 0, '/3/1040/', 1, '4.产品其他支持类文档', 1),
(1041, 4, 0, '/4/1041/', 1, '0.产品功能全景及功能测试指南', 1),
(1042, 4, 0, '/4/1042/', 1, '1.产品架构及关联产品', 1),
(1043, 4, 0, '/4/1043/', 1, '2.产品缺陷分析', 1),
(1044, 4, 0, '/4/1044/', 1, '3.产品业务知识', 1),
(1045, 4, 0, '/4/1045/', 1, '4.产品其他支持类文档', 1),
(1046, 5, 0, '/5/1046/', 1, '0.产品功能全景及功能测试指南', 1),
(1047, 5, 0, '/5/1047/', 1, '1.产品架构及关联产品', 1),
(1048, 5, 0, '/5/1048/', 1, '2.产品缺陷分析', 1),
(1049, 5, 0, '/5/1049/', 1, '3.产品业务知识', 1),
(1050, 5, 0, '/5/1050/', 1, '4.产品其他支持类文档', 1),
(1051, 6, 0, '/6/1051/', 1, '0.产品功能全景及功能测试指南', 1),
(1052, 6, 0, '/6/1052/', 1, '1.产品架构及关联产品', 1),
(1053, 6, 0, '/6/1053/', 1, '2.产品缺陷分析', 1),
(1054, 6, 0, '/6/1054/', 1, '3.产品业务知识', 1),
(1055, 6, 0, '/6/1055/', 1, '4.产品其他支持类文档', 1),
(1056, 7, 0, '/7/1056/', 1, '0.产品功能全景及功能测试指南', 1),
(1057, 7, 0, '/7/1057/', 1, '1.产品架构及关联产品', 1),
(1058, 7, 0, '/7/1058/', 1, '2.产品缺陷分析', 1),
(1059, 7, 0, '/7/1059/', 1, '3.产品业务知识', 1),
(1060, 7, 0, '/7/1060/', 1, '4.产品其他支持类文档', 1),
(1061, 8, 0, '/8/1061/', 1, '0.产品功能全景及功能测试指南', 1),
(1062, 8, 0, '/8/1062/', 1, '1.产品架构及关联产品', 1),
(1063, 8, 0, '/8/1063/', 1, '2.产品缺陷分析', 1),
(1064, 8, 0, '/8/1064/', 1, '3.产品业务知识', 1),
(1065, 8, 0, '/8/1065/', 1, '4.产品其他支持类文档', 1),
(1066, 9, 0, '/9/1066/', 1, '0.产品功能全景及功能测试指南', 1),
(1067, 9, 0, '/9/1067/', 1, '1.产品架构及关联产品', 1),
(1068, 9, 0, '/9/1068/', 1, '2.产品缺陷分析', 1),
(1069, 9, 0, '/9/1069/', 1, '3.产品业务知识', 1),
(1070, 9, 0, '/9/1070/', 1, '4.产品其他支持类文档', 1),
(1071, 10, 0, '/10/1071/', 1, '0.产品功能全景及功能测试指南', 1),
(1072, 10, 0, '/10/1072/', 1, '1.产品架构及关联产品', 1),
(1073, 10, 0, '/10/1073/', 1, '2.产品缺陷分析', 1),
(1074, 10, 0, '/10/1074/', 1, '3.产品业务知识', 1),
(1075, 10, 0, '/10/1075/', 1, '4.产品其他支持类文档', 1),
(1076, 11, 0, '/11/1076/', 1, '0.产品功能全景及功能测试指南', 1),
(1077, 11, 0, '/11/1077/', 1, '1.产品架构及关联产品', 1),
(1078, 11, 0, '/11/1078/', 1, '2.产品缺陷分析', 1),
(1079, 11, 0, '/11/1079/', 1, '3.产品业务知识', 1),
(1080, 11, 0, '/11/1080/', 1, '4.产品其他支持类文档', 1),
(1081, 12, 0, '/12/1081/', 1, '0.产品功能全景及功能测试指南', 1),
(1082, 12, 0, '/12/1082/', 1, '1.产品架构及关联产品', 1),
(1083, 12, 0, '/12/1083/', 1, '2.产品缺陷分析', 1),
(1084, 12, 0, '/12/1084/', 1, '3.产品业务知识', 1),
(1085, 12, 0, '/12/1085/', 1, '4.产品其他支持类文档', 1),
(1086, 13, 0, '/13/1086/', 1, '0.产品功能全景及功能测试指南', 1),
(1087, 13, 0, '/13/1087/', 1, '1.产品架构及关联产品', 1),
(1088, 13, 0, '/13/1088/', 1, '2.产品缺陷分析', 1),
(1089, 13, 0, '/13/1089/', 1, '3.产品业务知识', 1),
(1090, 13, 0, '/13/1090/', 1, '4.产品其他支持类文档', 1),
(1091, 14, 0, '/14/1091/', 1, '0.产品功能全景及功能测试指南', 1),
(1092, 14, 0, '/14/1092/', 1, '1.产品架构及关联产品', 1),
(1093, 14, 0, '/14/1093/', 1, '2.产品缺陷分析', 1),
(1094, 14, 0, '/14/1094/', 1, '3.产品业务知识', 1),
(1095, 14, 0, '/14/1095/', 1, '4.产品其他支持类文档', 1),
(1096, 15, 0, '/15/1096/', 1, '0.产品功能全景及功能测试指南', 1),
(1097, 15, 0, '/15/1097/', 1, '1.产品架构及关联产品', 1),
(1098, 15, 0, '/15/1098/', 1, '2.产品缺陷分析', 1),
(1099, 15, 0, '/15/1099/', 1, '3.产品业务知识', 1),
(1100, 15, 0, '/15/1100/', 1, '4.产品其他支持类文档', 1),
(1101, 16, 0, '/16/1101/', 1, '0.产品功能全景及功能测试指南', 1),
(1102, 16, 0, '/16/1102/', 1, '1.产品架构及关联产品', 1),
(1103, 16, 0, '/16/1103/', 1, '2.产品缺陷分析', 1),
(1104, 16, 0, '/16/1104/', 1, '3.产品业务知识', 1),
(1105, 16, 0, '/16/1105/', 1, '4.产品其他支持类文档', 1),
(1106, 17, 0, '/17/1106/', 1, '0.产品功能全景及功能测试指南', 1),
(1107, 17, 0, '/17/1107/', 1, '1.产品架构及关联产品', 1),
(1108, 17, 0, '/17/1108/', 1, '2.产品缺陷分析', 1),
(1109, 17, 0, '/17/1109/', 1, '3.产品业务知识', 1),
(1110, 17, 0, '/17/1110/', 1, '4.产品其他支持类文档', 1),
(1111, 18, 0, '/18/1111/', 1, '0.产品功能全景及功能测试指南', 1),
(1112, 18, 0, '/18/1112/', 1, '1.产品架构及关联产品', 1),
(1113, 18, 0, '/18/1113/', 1, '2.产品缺陷分析', 1),
(1114, 18, 0, '/18/1114/', 1, '3.产品业务知识', 1),
(1115, 18, 0, '/18/1115/', 1, '4.产品其他支持类文档', 1),
(1116, 19, 0, '/19/1116/', 1, '0.产品功能全景及功能测试指南', 1),
(1117, 19, 0, '/19/1117/', 1, '1.产品架构及关联产品', 1),
(1118, 19, 0, '/19/1118/', 1, '2.产品缺陷分析', 1),
(1119, 19, 0, '/19/1119/', 1, '3.产品业务知识', 1),
(1120, 19, 0, '/19/1120/', 1, '4.产品其他支持类文档', 1),
(1121, 20, 0, '/20/1121/', 1, '0.产品功能全景及功能测试指南', 1),
(1122, 20, 0, '/20/1122/', 1, '1.产品架构及关联产品', 1),
(1123, 20, 0, '/20/1123/', 1, '2.产品缺陷分析', 1),
(1124, 20, 0, '/20/1124/', 1, '3.产品业务知识', 1),
(1125, 20, 0, '/20/1125/', 1, '4.产品其他支持类文档', 1),
(1126, 21, 0, '/21/1126/', 1, '0.产品功能全景及功能测试指南', 1),
(1127, 21, 0, '/21/1127/', 1, '1.产品架构及关联产品', 1),
(1128, 21, 0, '/21/1128/', 1, '2.产品缺陷分析', 1),
(1129, 21, 0, '/21/1129/', 1, '3.产品业务知识', 1),
(1130, 21, 0, '/21/1130/', 1, '4.产品其他支持类文档', 1),
(1131, 22, 0, '/22/1131/', 1, '0.产品功能全景及功能测试指南', 1),
(1132, 22, 0, '/22/1132/', 1, '1.产品架构及关联产品', 1),
(1133, 22, 0, '/22/1133/', 1, '2.产品缺陷分析', 1),
(1134, 22, 0, '/22/1134/', 1, '3.产品业务知识', 1),
(1135, 22, 0, '/22/1135/', 1, '4.产品其他支持类文档', 1),
(1136, 23, 0, '/23/1136/', 1, '0.产品功能全景及功能测试指南', 1),
(1137, 23, 0, '/23/1137/', 1, '1.产品架构及关联产品', 1),
(1138, 23, 0, '/23/1138/', 1, '2.产品缺陷分析', 1),
(1139, 23, 0, '/23/1139/', 1, '3.产品业务知识', 1),
(1140, 23, 0, '/23/1140/', 1, '4.产品其他支持类文档', 1),
(1141, 24, 0, '/24/1141/', 1, '0.产品功能全景及功能测试指南', 1),
(1142, 24, 0, '/24/1142/', 1, '1.产品架构及关联产品', 1),
(1143, 24, 0, '/24/1143/', 1, '2.产品缺陷分析', 1),
(1144, 24, 0, '/24/1144/', 1, '3.产品业务知识', 1),
(1145, 24, 0, '/24/1145/', 1, '4.产品其他支持类文档', 1),
(1146, 25, 0, '/25/1146/', 1, '0.产品功能全景及功能测试指南', 1),
(1147, 25, 0, '/25/1147/', 1, '1.产品架构及关联产品', 1),
(1148, 25, 0, '/25/1148/', 1, '2.产品缺陷分析', 1),
(1149, 25, 0, '/25/1149/', 1, '3.产品业务知识', 1),
(1150, 25, 0, '/25/1150/', 1, '4.产品其他支持类文档', 1),
(1151, 26, 0, '/26/1151/', 1, '0.产品功能全景及功能测试指南', 1),
(1152, 26, 0, '/26/1152/', 1, '1.产品架构及关联产品', 1),
(1153, 26, 0, '/26/1153/', 1, '2.产品缺陷分析', 1),
(1154, 26, 0, '/26/1154/', 1, '3.产品业务知识', 1),
(1155, 26, 0, '/26/1155/', 1, '4.产品其他支持类文档', 1),
(1156, 27, 0, '/27/1156/', 1, '0.产品功能全景及功能测试指南', 1),
(1157, 27, 0, '/27/1157/', 1, '1.产品架构及关联产品', 1),
(1158, 27, 0, '/27/1158/', 1, '2.产品缺陷分析', 1),
(1159, 27, 0, '/27/1159/', 1, '3.产品业务知识', 1),
(1160, 27, 0, '/27/1160/', 1, '4.产品其他支持类文档', 1),
(1161, 28, 0, '/28/1161/', 1, '0.产品功能全景及功能测试指南', 1),
(1162, 28, 0, '/28/1162/', 1, '1.产品架构及关联产品', 1),
(1163, 28, 0, '/28/1163/', 1, '2.产品缺陷分析', 1),
(1164, 28, 0, '/28/1164/', 1, '3.产品业务知识', 1),
(1165, 28, 0, '/28/1165/', 1, '4.产品其他支持类文档', 1),
(1166, 29, 0, '/29/1166/', 1, '0.产品功能全景及功能测试指南', 1),
(1167, 29, 0, '/29/1167/', 1, '1.产品架构及关联产品', 1),
(1168, 29, 0, '/29/1168/', 1, '2.产品缺陷分析', 1),
(1169, 29, 0, '/29/1169/', 1, '3.产品业务知识', 1),
(1170, 29, 0, '/29/1170/', 1, '4.产品其他支持类文档', 1),
(1171, 30, 0, '/30/1171/', 1, '0.产品功能全景及功能测试指南', 1),
(1172, 30, 0, '/30/1172/', 1, '1.产品架构及关联产品', 1),
(1173, 30, 0, '/30/1173/', 1, '2.产品缺陷分析', 1),
(1174, 30, 0, '/30/1174/', 1, '3.产品业务知识', 1),
(1175, 30, 0, '/30/1175/', 1, '4.产品其他支持类文档', 1),
(1176, 31, 0, '/31/1176/', 1, '0.产品功能全景及功能测试指南', 1),
(1177, 31, 0, '/31/1177/', 1, '1.产品架构及关联产品', 1),
(1178, 31, 0, '/31/1178/', 1, '2.产品缺陷分析', 1),
(1179, 31, 0, '/31/1179/', 1, '3.产品业务知识', 1),
(1180, 31, 0, '/31/1180/', 1, '4.产品其他支持类文档', 1),
(1181, 32, 0, '/32/1181/', 1, '0.产品功能全景及功能测试指南', 1),
(1182, 32, 0, '/32/1182/', 1, '1.产品架构及关联产品', 1),
(1183, 32, 0, '/32/1183/', 1, '2.产品缺陷分析', 1),
(1184, 32, 0, '/32/1184/', 1, '3.产品业务知识', 1),
(1185, 32, 0, '/32/1185/', 1, '4.产品其他支持类文档', 1),
(1186, 33, 0, '/33/1186/', 1, '0.产品功能全景及功能测试指南', 1),
(1187, 33, 0, '/33/1187/', 1, '1.产品架构及关联产品', 1),
(1188, 33, 0, '/33/1188/', 1, '2.产品缺陷分析', 1),
(1189, 33, 0, '/33/1189/', 1, '3.产品业务知识', 1),
(1190, 33, 0, '/33/1190/', 1, '4.产品其他支持类文档', 1),
(1191, 34, 0, '/34/1191/', 1, '0.产品功能全景及功能测试指南', 1),
(1192, 34, 0, '/34/1192/', 1, '1.产品架构及关联产品', 1),
(1193, 34, 0, '/34/1193/', 1, '2.产品缺陷分析', 1),
(1194, 34, 0, '/34/1194/', 1, '3.产品业务知识', 1),
(1195, 34, 0, '/34/1195/', 1, '4.产品其他支持类文档', 1),
(1196, 35, 0, '/35/1196/', 1, '0.产品功能全景及功能测试指南', 1),
(1197, 35, 0, '/35/1197/', 1, '1.产品架构及关联产品', 1),
(1198, 35, 0, '/35/1198/', 1, '2.产品缺陷分析', 1),
(1199, 35, 0, '/35/1199/', 1, '3.产品业务知识', 1),
(1200, 35, 0, '/35/1200/', 1, '4.产品其他支持类文档', 1),
(1201, 36, 0, '/36/1201/', 1, '0.产品功能全景及功能测试指南', 1),
(1202, 36, 0, '/36/1202/', 1, '1.产品架构及关联产品', 1),
(1203, 36, 0, '/36/1203/', 1, '2.产品缺陷分析', 1),
(1204, 36, 0, '/36/1204/', 1, '3.产品业务知识', 1),
(1205, 36, 0, '/36/1205/', 1, '4.产品其他支持类文档', 1),
(1206, 37, 0, '/37/1206/', 1, '0.产品功能全景及功能测试指南', 1),
(1207, 37, 0, '/37/1207/', 1, '1.产品架构及关联产品', 1),
(1208, 37, 0, '/37/1208/', 1, '2.产品缺陷分析', 1),
(1209, 37, 0, '/37/1209/', 1, '3.产品业务知识', 1),
(1210, 37, 0, '/37/1210/', 1, '4.产品其他支持类文档', 1),
(1211, 38, 0, '/38/1211/', 1, '0.产品功能全景及功能测试指南', 1),
(1212, 38, 0, '/38/1212/', 1, '1.产品架构及关联产品', 1),
(1213, 38, 0, '/38/1213/', 1, '2.产品缺陷分析', 1),
(1214, 38, 0, '/38/1214/', 1, '3.产品业务知识', 1),
(1215, 38, 0, '/38/1215/', 1, '4.产品其他支持类文档', 1),
(1216, 39, 0, '/39/1216/', 1, '0.产品功能全景及功能测试指南', 1),
(1217, 39, 0, '/39/1217/', 1, '1.产品架构及关联产品', 1),
(1218, 39, 0, '/39/1218/', 1, '2.产品缺陷分析', 1),
(1219, 39, 0, '/39/1219/', 1, '3.产品业务知识', 1),
(1220, 39, 0, '/39/1220/', 1, '4.产品其他支持类文档', 1),
(1221, 40, 0, '/40/1221/', 1, '0.产品功能全景及功能测试指南', 1),
(1222, 40, 0, '/40/1222/', 1, '1.产品架构及关联产品', 1),
(1223, 40, 0, '/40/1223/', 1, '2.产品缺陷分析', 1),
(1224, 40, 0, '/40/1224/', 1, '3.产品业务知识', 1),
(1225, 40, 0, '/40/1225/', 1, '4.产品其他支持类文档', 1),
(1226, 41, 0, '/41/1226/', 1, '0.产品功能全景及功能测试指南', 1),
(1227, 41, 0, '/41/1227/', 1, '1.产品架构及关联产品', 1),
(1228, 41, 0, '/41/1228/', 1, '2.产品缺陷分析', 1),
(1229, 41, 0, '/41/1229/', 1, '3.产品业务知识', 1),
(1230, 41, 0, '/41/1230/', 1, '4.产品其他支持类文档', 1),
(1231, 42, 0, '/42/1231/', 1, '0.产品功能全景及功能测试指南', 1),
(1232, 42, 0, '/42/1232/', 1, '1.产品架构及关联产品', 1),
(1233, 42, 0, '/42/1233/', 1, '2.产品缺陷分析', 1),
(1234, 42, 0, '/42/1234/', 1, '3.产品业务知识', 1),
(1235, 42, 0, '/42/1235/', 1, '4.产品其他支持类文档', 1),
(1236, 43, 0, '/43/1236/', 1, '0.产品功能全景及功能测试指南', 1),
(1237, 43, 0, '/43/1237/', 1, '1.产品架构及关联产品', 1),
(1238, 43, 0, '/43/1238/', 1, '2.产品缺陷分析', 1),
(1239, 43, 0, '/43/1239/', 1, '3.产品业务知识', 1),
(1240, 43, 0, '/43/1240/', 1, '4.产品其他支持类文档', 1),
(1241, 44, 0, '/44/1241/', 1, '0.产品功能全景及功能测试指南', 1),
(1242, 44, 0, '/44/1242/', 1, '1.产品架构及关联产品', 1),
(1243, 44, 0, '/44/1243/', 1, '2.产品缺陷分析', 1),
(1244, 44, 0, '/44/1244/', 1, '3.产品业务知识', 1),
(1245, 44, 0, '/44/1245/', 1, '4.产品其他支持类文档', 1),
(1246, 45, 0, '/45/1246/', 1, '0.产品功能全景及功能测试指南', 1),
(1247, 45, 0, '/45/1247/', 1, '1.产品架构及关联产品', 1),
(1248, 45, 0, '/45/1248/', 1, '2.产品缺陷分析', 1),
(1249, 45, 0, '/45/1249/', 1, '3.产品业务知识', 1),
(1250, 45, 0, '/45/1250/', 1, '4.产品其他支持类文档', 1),
(1251, 46, 0, '/46/1251/', 1, '0.产品功能全景及功能测试指南', 1),
(1252, 46, 0, '/46/1252/', 1, '1.产品架构及关联产品', 1),
(1253, 46, 0, '/46/1253/', 1, '2.产品缺陷分析', 1),
(1254, 46, 0, '/46/1254/', 1, '3.产品业务知识', 1),
(1255, 46, 0, '/46/1255/', 1, '4.产品其他支持类文档', 1),
(1256, 47, 0, '/47/1256/', 1, '0.产品功能全景及功能测试指南', 1),
(1257, 47, 0, '/47/1257/', 1, '1.产品架构及关联产品', 1),
(1258, 47, 0, '/47/1258/', 1, '2.产品缺陷分析', 1),
(1259, 47, 0, '/47/1259/', 1, '3.产品业务知识', 1),
(1260, 47, 0, '/47/1260/', 1, '4.产品其他支持类文档', 1),
(1261, 48, 0, '/48/1261/', 1, '0.产品功能全景及功能测试指南', 1),
(1262, 48, 0, '/48/1262/', 1, '1.产品架构及关联产品', 1),
(1263, 48, 0, '/48/1263/', 1, '2.产品缺陷分析', 1),
(1264, 48, 0, '/48/1264/', 1, '3.产品业务知识', 1),
(1265, 48, 0, '/48/1265/', 1, '4.产品其他支持类文档', 1),
(1266, 49, 0, '/49/1266/', 1, '0.产品功能全景及功能测试指南', 1),
(1267, 49, 0, '/49/1267/', 1, '1.产品架构及关联产品', 1),
(1268, 49, 0, '/49/1268/', 1, '2.产品缺陷分析', 1),
(1269, 49, 0, '/49/1269/', 1, '3.产品业务知识', 1),
(1270, 49, 0, '/49/1270/', 1, '4.产品其他支持类文档', 1),
(1271, 50, 0, '/50/1271/', 1, '0.产品功能全景及功能测试指南', 1),
(1272, 50, 0, '/50/1272/', 1, '1.产品架构及关联产品', 1),
(1273, 50, 0, '/50/1273/', 1, '2.产品缺陷分析', 1),
(1274, 50, 0, '/50/1274/', 1, '3.产品业务知识', 1),
(1275, 50, 0, '/50/1275/', 1, '4.产品其他支持类文档', 1),
(1276, 51, 0, '/51/1276/', 1, '0.产品功能全景及功能测试指南', 1),
(1277, 51, 0, '/51/1277/', 1, '1.产品架构及关联产品', 1),
(1278, 51, 0, '/51/1278/', 1, '2.产品缺陷分析', 1),
(1279, 51, 0, '/51/1279/', 1, '3.产品业务知识', 1),
(1280, 51, 0, '/51/1280/', 1, '4.产品其他支持类文档', 1),
(1281, 52, 0, '/52/1281/', 1, '0.产品功能全景及功能测试指南', 1),
(1282, 52, 0, '/52/1282/', 1, '1.产品架构及关联产品', 1),
(1283, 52, 0, '/52/1283/', 1, '2.产品缺陷分析', 1),
(1284, 52, 0, '/52/1284/', 1, '3.产品业务知识', 1),
(1285, 52, 0, '/52/1285/', 1, '4.产品其他支持类文档', 1),
(1286, 53, 0, '/53/1286/', 1, '0.产品功能全景及功能测试指南', 1),
(1287, 53, 0, '/53/1287/', 1, '1.产品架构及关联产品', 1),
(1288, 53, 0, '/53/1288/', 1, '2.产品缺陷分析', 1),
(1289, 53, 0, '/53/1289/', 1, '3.产品业务知识', 1),
(1290, 53, 0, '/53/1290/', 1, '4.产品其他支持类文档', 1),
(1291, 54, 0, '/54/1291/', 1, '0.产品功能全景及功能测试指南', 1),
(1292, 54, 0, '/54/1292/', 1, '1.产品架构及关联产品', 1),
(1293, 54, 0, '/54/1293/', 1, '2.产品缺陷分析', 1),
(1294, 54, 0, '/54/1294/', 1, '3.产品业务知识', 1),
(1295, 54, 0, '/54/1295/', 1, '4.产品其他支持类文档', 1),
(1296, 55, 0, '/55/1296/', 1, '0.产品功能全景及功能测试指南', 1),
(1297, 55, 0, '/55/1297/', 1, '1.产品架构及关联产品', 1),
(1298, 55, 0, '/55/1298/', 1, '2.产品缺陷分析', 1),
(1299, 55, 0, '/55/1299/', 1, '3.产品业务知识', 1),
(1300, 55, 0, '/55/1300/', 1, '4.产品其他支持类文档', 1),
(1301, 56, 0, '/56/1301/', 1, '0.产品功能全景及功能测试指南', 1),
(1302, 56, 0, '/56/1302/', 1, '1.产品架构及关联产品', 1),
(1303, 56, 0, '/56/1303/', 1, '2.产品缺陷分析', 1),
(1304, 56, 0, '/56/1304/', 1, '3.产品业务知识', 1),
(1305, 56, 0, '/56/1305/', 1, '4.产品其他支持类文档', 1),
(1306, 57, 0, '/57/1306/', 1, '0.产品功能全景及功能测试指南', 1),
(1307, 57, 0, '/57/1307/', 1, '1.产品架构及关联产品', 1),
(1308, 57, 0, '/57/1308/', 1, '2.产品缺陷分析', 1),
(1309, 57, 0, '/57/1309/', 1, '3.产品业务知识', 1),
(1310, 57, 0, '/57/1310/', 1, '4.产品其他支持类文档', 1),
(1311, 58, 0, '/58/1311/', 1, '0.产品功能全景及功能测试指南', 1),
(1312, 58, 0, '/58/1312/', 1, '1.产品架构及关联产品', 1),
(1313, 58, 0, '/58/1313/', 1, '2.产品缺陷分析', 1),
(1314, 58, 0, '/58/1314/', 1, '3.产品业务知识', 1),
(1315, 58, 0, '/58/1315/', 1, '4.产品其他支持类文档', 1),
(1316, 59, 0, '/59/1316/', 1, '0.产品功能全景及功能测试指南', 1),
(1317, 59, 0, '/59/1317/', 1, '1.产品架构及关联产品', 1),
(1318, 59, 0, '/59/1318/', 1, '2.产品缺陷分析', 1),
(1319, 59, 0, '/59/1319/', 1, '3.产品业务知识', 1),
(1320, 59, 0, '/59/1320/', 1, '4.产品其他支持类文档', 1),
(1321, 60, 0, '/60/1321/', 1, '0.产品功能全景及功能测试指南', 1),
(1322, 60, 0, '/60/1322/', 1, '1.产品架构及关联产品', 1),
(1323, 60, 0, '/60/1323/', 1, '2.产品缺陷分析', 1),
(1324, 60, 0, '/60/1324/', 1, '3.产品业务知识', 1),
(1325, 60, 0, '/60/1325/', 1, '4.产品其他支持类文档', 1),
(1326, 61, 0, '/61/1326/', 1, '0.产品功能全景及功能测试指南', 1),
(1327, 61, 0, '/61/1327/', 1, '1.产品架构及关联产品', 1),
(1328, 61, 0, '/61/1328/', 1, '2.产品缺陷分析', 1),
(1329, 61, 0, '/61/1329/', 1, '3.产品业务知识', 1),
(1330, 61, 0, '/61/1330/', 1, '4.产品其他支持类文档', 1),
(1331, 62, 0, '/62/1331/', 1, '0.产品功能全景及功能测试指南', 1),
(1332, 62, 0, '/62/1332/', 1, '1.产品架构及关联产品', 1),
(1333, 62, 0, '/62/1333/', 1, '2.产品缺陷分析', 1),
(1334, 62, 0, '/62/1334/', 1, '3.产品业务知识', 1),
(1335, 62, 0, '/62/1335/', 1, '4.产品其他支持类文档', 1),
(1336, 63, 0, '/63/1336/', 1, '0.产品功能全景及功能测试指南', 1),
(1337, 63, 0, '/63/1337/', 1, '1.产品架构及关联产品', 1),
(1338, 63, 0, '/63/1338/', 1, '2.产品缺陷分析', 1),
(1339, 63, 0, '/63/1339/', 1, '3.产品业务知识', 1),
(1340, 63, 0, '/63/1340/', 1, '4.产品其他支持类文档', 1),
(1341, 64, 0, '/64/1341/', 1, '0.产品功能全景及功能测试指南', 1),
(1342, 64, 0, '/64/1342/', 1, '1.产品架构及关联产品', 1),
(1343, 64, 0, '/64/1343/', 1, '2.产品缺陷分析', 1),
(1344, 64, 0, '/64/1344/', 1, '3.产品业务知识', 1),
(1345, 64, 0, '/64/1345/', 1, '4.产品其他支持类文档', 1),
(1346, 65, 0, '/65/1346/', 1, '0.产品功能全景及功能测试指南', 1),
(1347, 65, 0, '/65/1347/', 1, '1.产品架构及关联产品', 1),
(1348, 65, 0, '/65/1348/', 1, '2.产品缺陷分析', 1),
(1349, 65, 0, '/65/1349/', 1, '3.产品业务知识', 1),
(1350, 65, 0, '/65/1350/', 1, '4.产品其他支持类文档', 1),
(1351, 66, 0, '/66/1351/', 1, '0.产品功能全景及功能测试指南', 1),
(1352, 66, 0, '/66/1352/', 1, '1.产品架构及关联产品', 1),
(1353, 66, 0, '/66/1353/', 1, '2.产品缺陷分析', 1),
(1354, 66, 0, '/66/1354/', 1, '3.产品业务知识', 1),
(1355, 66, 0, '/66/1355/', 1, '4.产品其他支持类文档', 1),
(1356, 67, 0, '/67/1356/', 1, '0.产品功能全景及功能测试指南', 1),
(1357, 67, 0, '/67/1357/', 1, '1.产品架构及关联产品', 1),
(1358, 67, 0, '/67/1358/', 1, '2.产品缺陷分析', 1),
(1359, 67, 0, '/67/1359/', 1, '3.产品业务知识', 1),
(1360, 67, 0, '/67/1360/', 1, '4.产品其他支持类文档', 1),
(1361, 68, 0, '/68/1361/', 1, '0.产品功能全景及功能测试指南', 1),
(1362, 68, 0, '/68/1362/', 1, '1.产品架构及关联产品', 1),
(1363, 68, 0, '/68/1363/', 1, '2.产品缺陷分析', 1),
(1364, 68, 0, '/68/1364/', 1, '3.产品业务知识', 1),
(1365, 68, 0, '/68/1365/', 1, '4.产品其他支持类文档', 1),
(1366, 69, 0, '/69/1366/', 1, '0.产品功能全景及功能测试指南', 1),
(1367, 69, 0, '/69/1367/', 1, '1.产品架构及关联产品', 1),
(1368, 69, 0, '/69/1368/', 1, '2.产品缺陷分析', 1),
(1369, 69, 0, '/69/1369/', 1, '3.产品业务知识', 1),
(1370, 69, 0, '/69/1370/', 1, '4.产品其他支持类文档', 1),
(1371, 70, 0, '/70/1371/', 1, '0.产品功能全景及功能测试指南', 1),
(1372, 70, 0, '/70/1372/', 1, '1.产品架构及关联产品', 1),
(1373, 70, 0, '/70/1373/', 1, '2.产品缺陷分析', 1),
(1374, 70, 0, '/70/1374/', 1, '3.产品业务知识', 1),
(1375, 70, 0, '/70/1375/', 1, '4.产品其他支持类文档', 1),
(1376, 71, 0, '/71/1376/', 1, '0.产品功能全景及功能测试指南', 1),
(1377, 71, 0, '/71/1377/', 1, '1.产品架构及关联产品', 1),
(1378, 71, 0, '/71/1378/', 1, '2.产品缺陷分析', 1),
(1379, 71, 0, '/71/1379/', 1, '3.产品业务知识', 1),
(1380, 71, 0, '/71/1380/', 1, '4.产品其他支持类文档', 1),
(1381, 72, 0, '/72/1381/', 1, '0.产品功能全景及功能测试指南', 1),
(1382, 72, 0, '/72/1382/', 1, '1.产品架构及关联产品', 1),
(1383, 72, 0, '/72/1383/', 1, '2.产品缺陷分析', 1),
(1384, 72, 0, '/72/1384/', 1, '3.产品业务知识', 1),
(1385, 72, 0, '/72/1385/', 1, '4.产品其他支持类文档', 1),
(1386, 73, 0, '/73/1386/', 1, '0.产品功能全景及功能测试指南', 1),
(1387, 73, 0, '/73/1387/', 1, '1.产品架构及关联产品', 1),
(1388, 73, 0, '/73/1388/', 1, '2.产品缺陷分析', 1),
(1389, 73, 0, '/73/1389/', 1, '3.产品业务知识', 1),
(1390, 73, 0, '/73/1390/', 1, '4.产品其他支持类文档', 1),
(1391, 74, 0, '/74/1391/', 1, '0.产品功能全景及功能测试指南', 1),
(1392, 74, 0, '/74/1392/', 1, '1.产品架构及关联产品', 1),
(1393, 74, 0, '/74/1393/', 1, '2.产品缺陷分析', 1),
(1394, 74, 0, '/74/1394/', 1, '3.产品业务知识', 1),
(1395, 74, 0, '/74/1395/', 1, '4.产品其他支持类文档', 1),
(1396, 75, 0, '/75/1396/', 1, '0.产品功能全景及功能测试指南', 1),
(1397, 75, 0, '/75/1397/', 1, '1.产品架构及关联产品', 1),
(1398, 75, 0, '/75/1398/', 1, '2.产品缺陷分析', 1),
(1399, 75, 0, '/75/1399/', 1, '3.产品业务知识', 1),
(1400, 75, 0, '/75/1400/', 1, '4.产品其他支持类文档', 1),
(1401, 76, 0, '/76/1401/', 1, '0.产品功能全景及功能测试指南', 1),
(1402, 76, 0, '/76/1402/', 1, '1.产品架构及关联产品', 1),
(1403, 76, 0, '/76/1403/', 1, '2.产品缺陷分析', 1),
(1404, 76, 0, '/76/1404/', 1, '3.产品业务知识', 1),
(1405, 76, 0, '/76/1405/', 1, '4.产品其他支持类文档', 1),
(1406, 77, 0, '/77/1406/', 1, '0.产品功能全景及功能测试指南', 1),
(1407, 77, 0, '/77/1407/', 1, '1.产品架构及关联产品', 1),
(1408, 77, 0, '/77/1408/', 1, '2.产品缺陷分析', 1),
(1409, 77, 0, '/77/1409/', 1, '3.产品业务知识', 1),
(1410, 77, 0, '/77/1410/', 1, '4.产品其他支持类文档', 1),
(1411, 78, 0, '/78/1411/', 1, '0.产品功能全景及功能测试指南', 1),
(1412, 78, 0, '/78/1412/', 1, '1.产品架构及关联产品', 1),
(1413, 78, 0, '/78/1413/', 1, '2.产品缺陷分析', 1),
(1414, 78, 0, '/78/1414/', 1, '3.产品业务知识', 1),
(1415, 78, 0, '/78/1415/', 1, '4.产品其他支持类文档', 1),
(1416, 79, 0, '/79/1416/', 1, '0.产品功能全景及功能测试指南', 1),
(1417, 79, 0, '/79/1417/', 1, '1.产品架构及关联产品', 1),
(1418, 79, 0, '/79/1418/', 1, '2.产品缺陷分析', 1),
(1419, 79, 0, '/79/1419/', 1, '3.产品业务知识', 1),
(1420, 79, 0, '/79/1420/', 1, '4.产品其他支持类文档', 1),
(1421, 80, 0, '/80/1421/', 1, '0.产品功能全景及功能测试指南', 1),
(1422, 80, 0, '/80/1422/', 1, '1.产品架构及关联产品', 1),
(1423, 80, 0, '/80/1423/', 1, '2.产品缺陷分析', 1),
(1424, 80, 0, '/80/1424/', 1, '3.产品业务知识', 1),
(1425, 80, 0, '/80/1425/', 1, '4.产品其他支持类文档', 1);

SET FOREIGN_KEY_CHECKS = 1;