-- ==========================================================
-- 测试资产库系统 (V2.0) 初始化数据脚本
-- ==========================================================
SET NAMES utf8mb4;
USE asset_db;

-- 1. 初始化用户
INSERT INTO `sys_user` (`id`, `username`, `role`, `created_at`) VALUES
(1, '陈东', 'ADMIN', NOW());

-- 2. 初始化团队
INSERT INTO `sys_team` (`id`, `name`, `created_at`) VALUES
(1, '测试一团队', NOW()),
(2, '测试二团队', NOW()),
(3, '测试三团队', NOW()),
(4, '测试四团队', NOW()),
(5, '性能及非功能测试团队', NOW());

-- 3. 初始化领域
INSERT INTO `sys_domain` (`id`, `name`, `created_at`) VALUES
(1, '核心业务域', NOW()),
(2, '渠道移动域', NOW()),
(3, '数据智能域', NOW()),
(4, '风险控制域', NOW()),
(5, '开放平台域', NOW());

-- 4. 初始化产品 (80个)
INSERT INTO `busi_product` (`id`, `name`, `team_id`, `domain_id`, `owner_id`, `asset_count`, `status`, `created_at`) VALUES
(1, '核心业务系统', 2, 4, 1, 18, 'ACTIVE', NOW()),
(2, '手机银行APP', 3, 1, 1, 21, 'ACTIVE', NOW()),
(3, '个人网银', 3, 4, 1, 20, 'ACTIVE', NOW()),
(4, '企业网银', 1, 1, 1, 40, 'ACTIVE', NOW()),
(5, '支付网关', 3, 2, 1, 39, 'ACTIVE', NOW()),
(6, '信贷管理系统', 1, 3, 1, 16, 'ACTIVE', NOW()),
(7, '客户关系管理CRM', 2, 1, 1, 21, 'ACTIVE', NOW()),
(8, '反洗钱系统', 5, 3, 1, 23, 'ACTIVE', NOW()),
(9, '风控决策引擎', 5, 3, 1, 44, 'ACTIVE', NOW()),
(10, '数据仓库', 3, 1, 1, 21, 'ACTIVE', NOW()),
(11, '统一认证平台', 5, 4, 1, 18, 'ACTIVE', NOW()),
(12, '消息推送中心', 3, 1, 1, 8, 'ACTIVE', NOW()),
(13, '理财销售系统', 4, 5, 1, 8, 'ACTIVE', NOW()),
(14, '基金代销系统', 5, 1, 1, 42, 'ACTIVE', NOW()),
(15, '保险代理系统', 3, 4, 1, 30, 'ACTIVE', NOW()),
(16, '柜面交易系统', 5, 5, 1, 32, 'ACTIVE', NOW()),
(17, '自助终端平台', 3, 1, 1, 18, 'ACTIVE', NOW()),
(18, '移动营销Pad', 5, 5, 1, 8, 'ACTIVE', NOW()),
(19, '呼叫中心系统', 2, 3, 1, 39, 'ACTIVE', NOW()),
(20, '工单管理系统', 3, 4, 1, 11, 'ACTIVE', NOW()),
(21, '核心业务系统_21', 3, 2, 1, 18, 'ACTIVE', NOW()),
(22, '手机银行APP_22', 2, 2, 1, 9, 'ACTIVE', NOW()),
(23, '个人网银_23', 5, 3, 1, 23, 'ACTIVE', NOW()),
(24, '企业网银_24', 1, 2, 1, 29, 'ACTIVE', NOW()),
(25, '支付网关_25', 3, 4, 1, 50, 'ACTIVE', NOW()),
(26, '信贷管理系统_26', 1, 3, 1, 26, 'ACTIVE', NOW()),
(27, '客户关系管理CRM_27', 5, 4, 1, 48, 'ACTIVE', NOW()),
(28, '反洗钱系统_28', 4, 4, 1, 48, 'ACTIVE', NOW()),
(29, '风控决策引擎_29', 1, 3, 1, 37, 'ACTIVE', NOW()),
(30, '数据仓库_30', 1, 5, 1, 10, 'ACTIVE', NOW()),
(31, '统一认证平台_31', 5, 1, 1, 47, 'ACTIVE', NOW()),
(32, '消息推送中心_32', 4, 4, 1, 5, 'ACTIVE', NOW()),
(33, '理财销售系统_33', 3, 3, 1, 48, 'ACTIVE', NOW()),
(34, '基金代销系统_34', 1, 5, 1, 16, 'ACTIVE', NOW()),
(35, '保险代理系统_35', 2, 3, 1, 50, 'ACTIVE', NOW()),
(36, '柜面交易系统_36', 4, 4, 1, 42, 'ACTIVE', NOW()),
(37, '自助终端平台_37', 3, 4, 1, 25, 'ACTIVE', NOW()),
(38, '移动营销Pad_38', 5, 4, 1, 39, 'ACTIVE', NOW()),
(39, '呼叫中心系统_39', 5, 5, 1, 13, 'ACTIVE', NOW()),
(40, '工单管理系统_40', 5, 2, 1, 5, 'ACTIVE', NOW()),
(41, '核心业务系统_41', 5, 3, 1, 33, 'ACTIVE', NOW()),
(42, '手机银行APP_42', 5, 5, 1, 32, 'ACTIVE', NOW()),
(43, '个人网银_43', 1, 3, 1, 41, 'ACTIVE', NOW()),
(44, '企业网银_44', 2, 3, 1, 41, 'ACTIVE', NOW()),
(45, '支付网关_45', 2, 1, 1, 32, 'ACTIVE', NOW()),
(46, '信贷管理系统_46', 5, 4, 1, 47, 'ACTIVE', NOW()),
(47, '客户关系管理CRM_47', 1, 3, 1, 18, 'ACTIVE', NOW()),
(48, '反洗钱系统_48', 2, 1, 1, 15, 'ACTIVE', NOW()),
(49, '风控决策引擎_49', 5, 4, 1, 38, 'ACTIVE', NOW()),
(50, '数据仓库_50', 3, 4, 1, 20, 'ACTIVE', NOW()),
(51, '统一认证平台_51', 5, 2, 1, 29, 'ACTIVE', NOW()),
(52, '消息推送中心_52', 1, 2, 1, 20, 'ACTIVE', NOW()),
(53, '理财销售系统_53', 5, 1, 1, 19, 'ACTIVE', NOW()),
(54, '基金代销系统_54', 4, 5, 1, 32, 'ACTIVE', NOW()),
(55, '保险代理系统_55', 3, 5, 1, 33, 'ACTIVE', NOW()),
(56, '柜面交易系统_56', 5, 3, 1, 6, 'ACTIVE', NOW()),
(57, '自助终端平台_57', 3, 3, 1, 18, 'ACTIVE', NOW()),
(58, '移动营销Pad_58', 5, 3, 1, 27, 'ACTIVE', NOW()),
(59, '呼叫中心系统_59', 5, 2, 1, 16, 'ACTIVE', NOW()),
(60, '工单管理系统_60', 4, 3, 1, 43, 'ACTIVE', NOW()),
(61, '核心业务系统_61', 4, 5, 1, 45, 'ACTIVE', NOW()),
(62, '手机银行APP_62', 3, 1, 1, 43, 'ACTIVE', NOW()),
(63, '个人网银_63', 4, 3, 1, 44, 'ACTIVE', NOW()),
(64, '企业网银_64', 2, 2, 1, 16, 'ACTIVE', NOW()),
(65, '支付网关_65', 4, 2, 1, 5, 'ACTIVE', NOW()),
(66, '信贷管理系统_66', 2, 1, 1, 5, 'ACTIVE', NOW()),
(67, '客户关系管理CRM_67', 2, 5, 1, 23, 'ACTIVE', NOW()),
(68, '反洗钱系统_68', 1, 3, 1, 6, 'ACTIVE', NOW()),
(69, '风控决策引擎_69', 5, 2, 1, 30, 'ACTIVE', NOW()),
(70, '数据仓库_70', 5, 3, 1, 48, 'ACTIVE', NOW()),
(71, '统一认证平台_71', 2, 4, 1, 11, 'ACTIVE', NOW()),
(72, '消息推送中心_72', 4, 3, 1, 7, 'ACTIVE', NOW()),
(73, '理财销售系统_73', 3, 5, 1, 24, 'ACTIVE', NOW()),
(74, '基金代销系统_74', 5, 1, 1, 5, 'ACTIVE', NOW()),
(75, '保险代理系统_75', 5, 2, 1, 27, 'ACTIVE', NOW()),
(76, '柜面交易系统_76', 4, 1, 1, 22, 'ACTIVE', NOW()),
(77, '自助终端平台_77', 2, 1, 1, 35, 'ACTIVE', NOW()),
(78, '移动营销Pad_78', 2, 3, 1, 6, 'ACTIVE', NOW()),
(79, '呼叫中心系统_79', 5, 4, 1, 49, 'ACTIVE', NOW()),
(80, '工单管理系统_80', 3, 2, 1, 34, 'ACTIVE', NOW());

-- 5. 初始化资产节点 - 技术专区
INSERT INTO `asset_node` (`id`, `name`, `type`, `parent_id`, `zone_type`, `product_id`, `is_fixed`, `sort_order`, `created_by`, `created_at`) VALUES
(1, '通用测试点', 'folder', 0, 'tech', NULL, 1, 1, 1, NOW()),
(2, '信创测试', 'folder', 0, 'tech', NULL, 1, 2, 1, NOW()),
(3, '质量专题', 'folder', 0, 'tech', NULL, 1, 3, 1, NOW()),
(4, '缺陷分析', 'folder', 3, 'tech', NULL, 1, 4, 1, NOW()),
(5, '安全生产', 'folder', 3, 'tech', NULL, 1, 5, 1, NOW()),
(6, '故障分析', 'folder', 3, 'tech', NULL, 1, 6, 1, NOW()),
(7, '测试案例分级', 'folder', 3, 'tech', NULL, 1, 7, 1, NOW()),
(8, '测试数据集', 'folder', 3, 'tech', NULL, 1, 8, 1, NOW()),
(9, '非功能测试', 'folder', 0, 'tech', NULL, 1, 9, 1, NOW()),
(10, '工作指引', 'folder', 9, 'tech', NULL, 1, 10, 1, NOW()),
(11, '操作指南', 'folder', 9, 'tech', NULL, 1, 11, 1, NOW()),
(12, '能力全景图', 'folder', 9, 'tech', NULL, 1, 12, 1, NOW()),
(13, '性能测试', 'folder', 0, 'tech', NULL, 1, 13, 1, NOW()),
(14, '工作指引', 'folder', 13, 'tech', NULL, 1, 14, 1, NOW()),
(15, '性能档案', 'folder', 13, 'tech', NULL, 1, 15, 1, NOW()),
(16, '测试问题库', 'folder', 13, 'tech', NULL, 1, 16, 1, NOW()),
(17, '实践积累', 'folder', 13, 'tech', NULL, 1, 17, 1, NOW()),
(18, '自动化测试', 'folder', 0, 'tech', NULL, 1, 18, 1, NOW()),
(19, '优秀实践', 'folder', 18, 'tech', NULL, 1, 19, 1, NOW()),
(20, '稳定性测试', 'folder', 0, 'tech', NULL, 1, 20, 1, NOW()),
(21, '优秀实践', 'folder', 20, 'tech', NULL, 1, 21, 1, NOW()),
(22, '智能化测试', 'folder', 0, 'tech', NULL, 1, 22, 1, NOW()),
(23, '优秀实践', 'folder', 22, 'tech', NULL, 1, 23, 1, NOW());

-- 6. 初始化资产节点 - 管理专区
INSERT INTO `asset_node` (`id`, `name`, `type`, `parent_id`, `zone_type`, `product_id`, `is_fixed`, `sort_order`, `created_by`, `created_at`) VALUES
(24, '测试任务管理', 'folder', 0, 'mgmt', NULL, 1, 24, 1, NOW()),
(25, '批次管理', 'folder', 0, 'mgmt', NULL, 1, 25, 1, NOW());

-- 7. 初始化资产节点 - 产品专区 (每个产品5个固定目录)
INSERT INTO `asset_node` (`id`, `name`, `type`, `parent_id`, `zone_type`, `product_id`, `is_fixed`, `sort_order`, `created_by`, `created_at`) VALUES
(26, '产品功能全景及功能测试指南', 'folder', 0, 'product', 1, 1, 1, 1, NOW()),
(27, '产品架构及关联产品', 'folder', 0, 'product', 1, 1, 2, 1, NOW()),
(28, '产品缺陷分析', 'folder', 0, 'product', 1, 1, 3, 1, NOW()),
(29, '产品业务知识', 'folder', 0, 'product', 1, 1, 4, 1, NOW()),
(30, '产品其他支持类文档', 'folder', 0, 'product', 1, 1, 5, 1, NOW()),
(31, '产品功能全景及功能测试指南', 'folder', 0, 'product', 2, 1, 1, 1, NOW()),
(32, '产品架构及关联产品', 'folder', 0, 'product', 2, 1, 2, 1, NOW()),
(33, '产品缺陷分析', 'folder', 0, 'product', 2, 1, 3, 1, NOW()),
(34, '产品业务知识', 'folder', 0, 'product', 2, 1, 4, 1, NOW()),
(35, '产品其他支持类文档', 'folder', 0, 'product', 2, 1, 5, 1, NOW()),
(36, '产品功能全景及功能测试指南', 'folder', 0, 'product', 3, 1, 1, 1, NOW()),
(37, '产品架构及关联产品', 'folder', 0, 'product', 3, 1, 2, 1, NOW()),
(38, '产品缺陷分析', 'folder', 0, 'product', 3, 1, 3, 1, NOW()),
(39, '产品业务知识', 'folder', 0, 'product', 3, 1, 4, 1, NOW()),
(40, '产品其他支持类文档', 'folder', 0, 'product', 3, 1, 5, 1, NOW()),
(41, '产品功能全景及功能测试指南', 'folder', 0, 'product', 4, 1, 1, 1, NOW()),
(42, '产品架构及关联产品', 'folder', 0, 'product', 4, 1, 2, 1, NOW()),
(43, '产品缺陷分析', 'folder', 0, 'product', 4, 1, 3, 1, NOW()),
(44, '产品业务知识', 'folder', 0, 'product', 4, 1, 4, 1, NOW()),
(45, '产品其他支持类文档', 'folder', 0, 'product', 4, 1, 5, 1, NOW()),
(46, '产品功能全景及功能测试指南', 'folder', 0, 'product', 5, 1, 1, 1, NOW()),
(47, '产品架构及关联产品', 'folder', 0, 'product', 5, 1, 2, 1, NOW()),
(48, '产品缺陷分析', 'folder', 0, 'product', 5, 1, 3, 1, NOW()),
(49, '产品业务知识', 'folder', 0, 'product', 5, 1, 4, 1, NOW()),
(50, '产品其他支持类文档', 'folder', 0, 'product', 5, 1, 5, 1, NOW()),
(51, '产品功能全景及功能测试指南', 'folder', 0, 'product', 6, 1, 1, 1, NOW()),
(52, '产品架构及关联产品', 'folder', 0, 'product', 6, 1, 2, 1, NOW()),
(53, '产品缺陷分析', 'folder', 0, 'product', 6, 1, 3, 1, NOW()),
(54, '产品业务知识', 'folder', 0, 'product', 6, 1, 4, 1, NOW()),
(55, '产品其他支持类文档', 'folder', 0, 'product', 6, 1, 5, 1, NOW()),
(56, '产品功能全景及功能测试指南', 'folder', 0, 'product', 7, 1, 1, 1, NOW()),
(57, '产品架构及关联产品', 'folder', 0, 'product', 7, 1, 2, 1, NOW()),
(58, '产品缺陷分析', 'folder', 0, 'product', 7, 1, 3, 1, NOW()),
(59, '产品业务知识', 'folder', 0, 'product', 7, 1, 4, 1, NOW()),
(60, '产品其他支持类文档', 'folder', 0, 'product', 7, 1, 5, 1, NOW()),
(61, '产品功能全景及功能测试指南', 'folder', 0, 'product', 8, 1, 1, 1, NOW()),
(62, '产品架构及关联产品', 'folder', 0, 'product', 8, 1, 2, 1, NOW()),
(63, '产品缺陷分析', 'folder', 0, 'product', 8, 1, 3, 1, NOW()),
(64, '产品业务知识', 'folder', 0, 'product', 8, 1, 4, 1, NOW()),
(65, '产品其他支持类文档', 'folder', 0, 'product', 8, 1, 5, 1, NOW()),
(66, '产品功能全景及功能测试指南', 'folder', 0, 'product', 9, 1, 1, 1, NOW()),
(67, '产品架构及关联产品', 'folder', 0, 'product', 9, 1, 2, 1, NOW()),
(68, '产品缺陷分析', 'folder', 0, 'product', 9, 1, 3, 1, NOW()),
(69, '产品业务知识', 'folder', 0, 'product', 9, 1, 4, 1, NOW()),
(70, '产品其他支持类文档', 'folder', 0, 'product', 9, 1, 5, 1, NOW()),
(71, '产品功能全景及功能测试指南', 'folder', 0, 'product', 10, 1, 1, 1, NOW()),
(72, '产品架构及关联产品', 'folder', 0, 'product', 10, 1, 2, 1, NOW()),
(73, '产品缺陷分析', 'folder', 0, 'product', 10, 1, 3, 1, NOW()),
(74, '产品业务知识', 'folder', 0, 'product', 10, 1, 4, 1, NOW()),
(75, '产品其他支持类文档', 'folder', 0, 'product', 10, 1, 5, 1, NOW()),
(76, '产品功能全景及功能测试指南', 'folder', 0, 'product', 11, 1, 1, 1, NOW()),
(77, '产品架构及关联产品', 'folder', 0, 'product', 11, 1, 2, 1, NOW()),
(78, '产品缺陷分析', 'folder', 0, 'product', 11, 1, 3, 1, NOW()),
(79, '产品业务知识', 'folder', 0, 'product', 11, 1, 4, 1, NOW()),
(80, '产品其他支持类文档', 'folder', 0, 'product', 11, 1, 5, 1, NOW()),
(81, '产品功能全景及功能测试指南', 'folder', 0, 'product', 12, 1, 1, 1, NOW()),
(82, '产品架构及关联产品', 'folder', 0, 'product', 12, 1, 2, 1, NOW()),
(83, '产品缺陷分析', 'folder', 0, 'product', 12, 1, 3, 1, NOW()),
(84, '产品业务知识', 'folder', 0, 'product', 12, 1, 4, 1, NOW()),
(85, '产品其他支持类文档', 'folder', 0, 'product', 12, 1, 5, 1, NOW()),
(86, '产品功能全景及功能测试指南', 'folder', 0, 'product', 13, 1, 1, 1, NOW()),
(87, '产品架构及关联产品', 'folder', 0, 'product', 13, 1, 2, 1, NOW()),
(88, '产品缺陷分析', 'folder', 0, 'product', 13, 1, 3, 1, NOW()),
(89, '产品业务知识', 'folder', 0, 'product', 13, 1, 4, 1, NOW()),
(90, '产品其他支持类文档', 'folder', 0, 'product', 13, 1, 5, 1, NOW()),
(91, '产品功能全景及功能测试指南', 'folder', 0, 'product', 14, 1, 1, 1, NOW()),
(92, '产品架构及关联产品', 'folder', 0, 'product', 14, 1, 2, 1, NOW()),
(93, '产品缺陷分析', 'folder', 0, 'product', 14, 1, 3, 1, NOW()),
(94, '产品业务知识', 'folder', 0, 'product', 14, 1, 4, 1, NOW()),
(95, '产品其他支持类文档', 'folder', 0, 'product', 14, 1, 5, 1, NOW()),
(96, '产品功能全景及功能测试指南', 'folder', 0, 'product', 15, 1, 1, 1, NOW()),
(97, '产品架构及关联产品', 'folder', 0, 'product', 15, 1, 2, 1, NOW()),
(98, '产品缺陷分析', 'folder', 0, 'product', 15, 1, 3, 1, NOW()),
(99, '产品业务知识', 'folder', 0, 'product', 15, 1, 4, 1, NOW()),
(100, '产品其他支持类文档', 'folder', 0, 'product', 15, 1, 5, 1, NOW()),
(101, '产品功能全景及功能测试指南', 'folder', 0, 'product', 16, 1, 1, 1, NOW()),
(102, '产品架构及关联产品', 'folder', 0, 'product', 16, 1, 2, 1, NOW()),
(103, '产品缺陷分析', 'folder', 0, 'product', 16, 1, 3, 1, NOW()),
(104, '产品业务知识', 'folder', 0, 'product', 16, 1, 4, 1, NOW()),
(105, '产品其他支持类文档', 'folder', 0, 'product', 16, 1, 5, 1, NOW()),
(106, '产品功能全景及功能测试指南', 'folder', 0, 'product', 17, 1, 1, 1, NOW()),
(107, '产品架构及关联产品', 'folder', 0, 'product', 17, 1, 2, 1, NOW()),
(108, '产品缺陷分析', 'folder', 0, 'product', 17, 1, 3, 1, NOW()),
(109, '产品业务知识', 'folder', 0, 'product', 17, 1, 4, 1, NOW()),
(110, '产品其他支持类文档', 'folder', 0, 'product', 17, 1, 5, 1, NOW()),
(111, '产品功能全景及功能测试指南', 'folder', 0, 'product', 18, 1, 1, 1, NOW()),
(112, '产品架构及关联产品', 'folder', 0, 'product', 18, 1, 2, 1, NOW()),
(113, '产品缺陷分析', 'folder', 0, 'product', 18, 1, 3, 1, NOW()),
(114, '产品业务知识', 'folder', 0, 'product', 18, 1, 4, 1, NOW()),
(115, '产品其他支持类文档', 'folder', 0, 'product', 18, 1, 5, 1, NOW()),
(116, '产品功能全景及功能测试指南', 'folder', 0, 'product', 19, 1, 1, 1, NOW()),
(117, '产品架构及关联产品', 'folder', 0, 'product', 19, 1, 2, 1, NOW()),
(118, '产品缺陷分析', 'folder', 0, 'product', 19, 1, 3, 1, NOW()),
(119, '产品业务知识', 'folder', 0, 'product', 19, 1, 4, 1, NOW()),
(120, '产品其他支持类文档', 'folder', 0, 'product', 19, 1, 5, 1, NOW()),
(121, '产品功能全景及功能测试指南', 'folder', 0, 'product', 20, 1, 1, 1, NOW()),
(122, '产品架构及关联产品', 'folder', 0, 'product', 20, 1, 2, 1, NOW()),
(123, '产品缺陷分析', 'folder', 0, 'product', 20, 1, 3, 1, NOW()),
(124, '产品业务知识', 'folder', 0, 'product', 20, 1, 4, 1, NOW()),
(125, '产品其他支持类文档', 'folder', 0, 'product', 20, 1, 5, 1, NOW()),
(126, '产品功能全景及功能测试指南', 'folder', 0, 'product', 21, 1, 1, 1, NOW()),
(127, '产品架构及关联产品', 'folder', 0, 'product', 21, 1, 2, 1, NOW()),
(128, '产品缺陷分析', 'folder', 0, 'product', 21, 1, 3, 1, NOW()),
(129, '产品业务知识', 'folder', 0, 'product', 21, 1, 4, 1, NOW()),
(130, '产品其他支持类文档', 'folder', 0, 'product', 21, 1, 5, 1, NOW()),
(131, '产品功能全景及功能测试指南', 'folder', 0, 'product', 22, 1, 1, 1, NOW()),
(132, '产品架构及关联产品', 'folder', 0, 'product', 22, 1, 2, 1, NOW()),
(133, '产品缺陷分析', 'folder', 0, 'product', 22, 1, 3, 1, NOW()),
(134, '产品业务知识', 'folder', 0, 'product', 22, 1, 4, 1, NOW()),
(135, '产品其他支持类文档', 'folder', 0, 'product', 22, 1, 5, 1, NOW()),
(136, '产品功能全景及功能测试指南', 'folder', 0, 'product', 23, 1, 1, 1, NOW()),
(137, '产品架构及关联产品', 'folder', 0, 'product', 23, 1, 2, 1, NOW()),
(138, '产品缺陷分析', 'folder', 0, 'product', 23, 1, 3, 1, NOW()),
(139, '产品业务知识', 'folder', 0, 'product', 23, 1, 4, 1, NOW()),
(140, '产品其他支持类文档', 'folder', 0, 'product', 23, 1, 5, 1, NOW()),
(141, '产品功能全景及功能测试指南', 'folder', 0, 'product', 24, 1, 1, 1, NOW()),
(142, '产品架构及关联产品', 'folder', 0, 'product', 24, 1, 2, 1, NOW()),
(143, '产品缺陷分析', 'folder', 0, 'product', 24, 1, 3, 1, NOW()),
(144, '产品业务知识', 'folder', 0, 'product', 24, 1, 4, 1, NOW()),
(145, '产品其他支持类文档', 'folder', 0, 'product', 24, 1, 5, 1, NOW()),
(146, '产品功能全景及功能测试指南', 'folder', 0, 'product', 25, 1, 1, 1, NOW()),
(147, '产品架构及关联产品', 'folder', 0, 'product', 25, 1, 2, 1, NOW()),
(148, '产品缺陷分析', 'folder', 0, 'product', 25, 1, 3, 1, NOW()),
(149, '产品业务知识', 'folder', 0, 'product', 25, 1, 4, 1, NOW()),
(150, '产品其他支持类文档', 'folder', 0, 'product', 25, 1, 5, 1, NOW()),
(151, '产品功能全景及功能测试指南', 'folder', 0, 'product', 26, 1, 1, 1, NOW()),
(152, '产品架构及关联产品', 'folder', 0, 'product', 26, 1, 2, 1, NOW()),
(153, '产品缺陷分析', 'folder', 0, 'product', 26, 1, 3, 1, NOW()),
(154, '产品业务知识', 'folder', 0, 'product', 26, 1, 4, 1, NOW()),
(155, '产品其他支持类文档', 'folder', 0, 'product', 26, 1, 5, 1, NOW()),
(156, '产品功能全景及功能测试指南', 'folder', 0, 'product', 27, 1, 1, 1, NOW()),
(157, '产品架构及关联产品', 'folder', 0, 'product', 27, 1, 2, 1, NOW()),
(158, '产品缺陷分析', 'folder', 0, 'product', 27, 1, 3, 1, NOW()),
(159, '产品业务知识', 'folder', 0, 'product', 27, 1, 4, 1, NOW()),
(160, '产品其他支持类文档', 'folder', 0, 'product', 27, 1, 5, 1, NOW()),
(161, '产品功能全景及功能测试指南', 'folder', 0, 'product', 28, 1, 1, 1, NOW()),
(162, '产品架构及关联产品', 'folder', 0, 'product', 28, 1, 2, 1, NOW()),
(163, '产品缺陷分析', 'folder', 0, 'product', 28, 1, 3, 1, NOW()),
(164, '产品业务知识', 'folder', 0, 'product', 28, 1, 4, 1, NOW()),
(165, '产品其他支持类文档', 'folder', 0, 'product', 28, 1, 5, 1, NOW()),
(166, '产品功能全景及功能测试指南', 'folder', 0, 'product', 29, 1, 1, 1, NOW()),
(167, '产品架构及关联产品', 'folder', 0, 'product', 29, 1, 2, 1, NOW()),
(168, '产品缺陷分析', 'folder', 0, 'product', 29, 1, 3, 1, NOW()),
(169, '产品业务知识', 'folder', 0, 'product', 29, 1, 4, 1, NOW()),
(170, '产品其他支持类文档', 'folder', 0, 'product', 29, 1, 5, 1, NOW()),
(171, '产品功能全景及功能测试指南', 'folder', 0, 'product', 30, 1, 1, 1, NOW()),
(172, '产品架构及关联产品', 'folder', 0, 'product', 30, 1, 2, 1, NOW()),
(173, '产品缺陷分析', 'folder', 0, 'product', 30, 1, 3, 1, NOW()),
(174, '产品业务知识', 'folder', 0, 'product', 30, 1, 4, 1, NOW()),
(175, '产品其他支持类文档', 'folder', 0, 'product', 30, 1, 5, 1, NOW()),
(176, '产品功能全景及功能测试指南', 'folder', 0, 'product', 31, 1, 1, 1, NOW()),
(177, '产品架构及关联产品', 'folder', 0, 'product', 31, 1, 2, 1, NOW()),
(178, '产品缺陷分析', 'folder', 0, 'product', 31, 1, 3, 1, NOW()),
(179, '产品业务知识', 'folder', 0, 'product', 31, 1, 4, 1, NOW()),
(180, '产品其他支持类文档', 'folder', 0, 'product', 31, 1, 5, 1, NOW()),
(181, '产品功能全景及功能测试指南', 'folder', 0, 'product', 32, 1, 1, 1, NOW()),
(182, '产品架构及关联产品', 'folder', 0, 'product', 32, 1, 2, 1, NOW()),
(183, '产品缺陷分析', 'folder', 0, 'product', 32, 1, 3, 1, NOW()),
(184, '产品业务知识', 'folder', 0, 'product', 32, 1, 4, 1, NOW()),
(185, '产品其他支持类文档', 'folder', 0, 'product', 32, 1, 5, 1, NOW()),
(186, '产品功能全景及功能测试指南', 'folder', 0, 'product', 33, 1, 1, 1, NOW()),
(187, '产品架构及关联产品', 'folder', 0, 'product', 33, 1, 2, 1, NOW()),
(188, '产品缺陷分析', 'folder', 0, 'product', 33, 1, 3, 1, NOW()),
(189, '产品业务知识', 'folder', 0, 'product', 33, 1, 4, 1, NOW()),
(190, '产品其他支持类文档', 'folder', 0, 'product', 33, 1, 5, 1, NOW()),
(191, '产品功能全景及功能测试指南', 'folder', 0, 'product', 34, 1, 1, 1, NOW()),
(192, '产品架构及关联产品', 'folder', 0, 'product', 34, 1, 2, 1, NOW()),
(193, '产品缺陷分析', 'folder', 0, 'product', 34, 1, 3, 1, NOW()),
(194, '产品业务知识', 'folder', 0, 'product', 34, 1, 4, 1, NOW()),
(195, '产品其他支持类文档', 'folder', 0, 'product', 34, 1, 5, 1, NOW()),
(196, '产品功能全景及功能测试指南', 'folder', 0, 'product', 35, 1, 1, 1, NOW()),
(197, '产品架构及关联产品', 'folder', 0, 'product', 35, 1, 2, 1, NOW()),
(198, '产品缺陷分析', 'folder', 0, 'product', 35, 1, 3, 1, NOW()),
(199, '产品业务知识', 'folder', 0, 'product', 35, 1, 4, 1, NOW()),
(200, '产品其他支持类文档', 'folder', 0, 'product', 35, 1, 5, 1, NOW()),
(201, '产品功能全景及功能测试指南', 'folder', 0, 'product', 36, 1, 1, 1, NOW()),
(202, '产品架构及关联产品', 'folder', 0, 'product', 36, 1, 2, 1, NOW()),
(203, '产品缺陷分析', 'folder', 0, 'product', 36, 1, 3, 1, NOW()),
(204, '产品业务知识', 'folder', 0, 'product', 36, 1, 4, 1, NOW()),
(205, '产品其他支持类文档', 'folder', 0, 'product', 36, 1, 5, 1, NOW()),
(206, '产品功能全景及功能测试指南', 'folder', 0, 'product', 37, 1, 1, 1, NOW()),
(207, '产品架构及关联产品', 'folder', 0, 'product', 37, 1, 2, 1, NOW()),
(208, '产品缺陷分析', 'folder', 0, 'product', 37, 1, 3, 1, NOW()),
(209, '产品业务知识', 'folder', 0, 'product', 37, 1, 4, 1, NOW()),
(210, '产品其他支持类文档', 'folder', 0, 'product', 37, 1, 5, 1, NOW()),
(211, '产品功能全景及功能测试指南', 'folder', 0, 'product', 38, 1, 1, 1, NOW()),
(212, '产品架构及关联产品', 'folder', 0, 'product', 38, 1, 2, 1, NOW()),
(213, '产品缺陷分析', 'folder', 0, 'product', 38, 1, 3, 1, NOW()),
(214, '产品业务知识', 'folder', 0, 'product', 38, 1, 4, 1, NOW()),
(215, '产品其他支持类文档', 'folder', 0, 'product', 38, 1, 5, 1, NOW()),
(216, '产品功能全景及功能测试指南', 'folder', 0, 'product', 39, 1, 1, 1, NOW()),
(217, '产品架构及关联产品', 'folder', 0, 'product', 39, 1, 2, 1, NOW()),
(218, '产品缺陷分析', 'folder', 0, 'product', 39, 1, 3, 1, NOW()),
(219, '产品业务知识', 'folder', 0, 'product', 39, 1, 4, 1, NOW()),
(220, '产品其他支持类文档', 'folder', 0, 'product', 39, 1, 5, 1, NOW()),
(221, '产品功能全景及功能测试指南', 'folder', 0, 'product', 40, 1, 1, 1, NOW()),
(222, '产品架构及关联产品', 'folder', 0, 'product', 40, 1, 2, 1, NOW()),
(223, '产品缺陷分析', 'folder', 0, 'product', 40, 1, 3, 1, NOW()),
(224, '产品业务知识', 'folder', 0, 'product', 40, 1, 4, 1, NOW()),
(225, '产品其他支持类文档', 'folder', 0, 'product', 40, 1, 5, 1, NOW()),
(226, '产品功能全景及功能测试指南', 'folder', 0, 'product', 41, 1, 1, 1, NOW()),
(227, '产品架构及关联产品', 'folder', 0, 'product', 41, 1, 2, 1, NOW()),
(228, '产品缺陷分析', 'folder', 0, 'product', 41, 1, 3, 1, NOW()),
(229, '产品业务知识', 'folder', 0, 'product', 41, 1, 4, 1, NOW()),
(230, '产品其他支持类文档', 'folder', 0, 'product', 41, 1, 5, 1, NOW()),
(231, '产品功能全景及功能测试指南', 'folder', 0, 'product', 42, 1, 1, 1, NOW()),
(232, '产品架构及关联产品', 'folder', 0, 'product', 42, 1, 2, 1, NOW()),
(233, '产品缺陷分析', 'folder', 0, 'product', 42, 1, 3, 1, NOW()),
(234, '产品业务知识', 'folder', 0, 'product', 42, 1, 4, 1, NOW()),
(235, '产品其他支持类文档', 'folder', 0, 'product', 42, 1, 5, 1, NOW()),
(236, '产品功能全景及功能测试指南', 'folder', 0, 'product', 43, 1, 1, 1, NOW()),
(237, '产品架构及关联产品', 'folder', 0, 'product', 43, 1, 2, 1, NOW()),
(238, '产品缺陷分析', 'folder', 0, 'product', 43, 1, 3, 1, NOW()),
(239, '产品业务知识', 'folder', 0, 'product', 43, 1, 4, 1, NOW()),
(240, '产品其他支持类文档', 'folder', 0, 'product', 43, 1, 5, 1, NOW()),
(241, '产品功能全景及功能测试指南', 'folder', 0, 'product', 44, 1, 1, 1, NOW()),
(242, '产品架构及关联产品', 'folder', 0, 'product', 44, 1, 2, 1, NOW()),
(243, '产品缺陷分析', 'folder', 0, 'product', 44, 1, 3, 1, NOW()),
(244, '产品业务知识', 'folder', 0, 'product', 44, 1, 4, 1, NOW()),
(245, '产品其他支持类文档', 'folder', 0, 'product', 44, 1, 5, 1, NOW()),
(246, '产品功能全景及功能测试指南', 'folder', 0, 'product', 45, 1, 1, 1, NOW()),
(247, '产品架构及关联产品', 'folder', 0, 'product', 45, 1, 2, 1, NOW()),
(248, '产品缺陷分析', 'folder', 0, 'product', 45, 1, 3, 1, NOW()),
(249, '产品业务知识', 'folder', 0, 'product', 45, 1, 4, 1, NOW()),
(250, '产品其他支持类文档', 'folder', 0, 'product', 45, 1, 5, 1, NOW()),
(251, '产品功能全景及功能测试指南', 'folder', 0, 'product', 46, 1, 1, 1, NOW()),
(252, '产品架构及关联产品', 'folder', 0, 'product', 46, 1, 2, 1, NOW()),
(253, '产品缺陷分析', 'folder', 0, 'product', 46, 1, 3, 1, NOW()),
(254, '产品业务知识', 'folder', 0, 'product', 46, 1, 4, 1, NOW()),
(255, '产品其他支持类文档', 'folder', 0, 'product', 46, 1, 5, 1, NOW()),
(256, '产品功能全景及功能测试指南', 'folder', 0, 'product', 47, 1, 1, 1, NOW()),
(257, '产品架构及关联产品', 'folder', 0, 'product', 47, 1, 2, 1, NOW()),
(258, '产品缺陷分析', 'folder', 0, 'product', 47, 1, 3, 1, NOW()),
(259, '产品业务知识', 'folder', 0, 'product', 47, 1, 4, 1, NOW()),
(260, '产品其他支持类文档', 'folder', 0, 'product', 47, 1, 5, 1, NOW()),
(261, '产品功能全景及功能测试指南', 'folder', 0, 'product', 48, 1, 1, 1, NOW()),
(262, '产品架构及关联产品', 'folder', 0, 'product', 48, 1, 2, 1, NOW()),
(263, '产品缺陷分析', 'folder', 0, 'product', 48, 1, 3, 1, NOW()),
(264, '产品业务知识', 'folder', 0, 'product', 48, 1, 4, 1, NOW()),
(265, '产品其他支持类文档', 'folder', 0, 'product', 48, 1, 5, 1, NOW()),
(266, '产品功能全景及功能测试指南', 'folder', 0, 'product', 49, 1, 1, 1, NOW()),
(267, '产品架构及关联产品', 'folder', 0, 'product', 49, 1, 2, 1, NOW()),
(268, '产品缺陷分析', 'folder', 0, 'product', 49, 1, 3, 1, NOW()),
(269, '产品业务知识', 'folder', 0, 'product', 49, 1, 4, 1, NOW()),
(270, '产品其他支持类文档', 'folder', 0, 'product', 49, 1, 5, 1, NOW()),
(271, '产品功能全景及功能测试指南', 'folder', 0, 'product', 50, 1, 1, 1, NOW()),
(272, '产品架构及关联产品', 'folder', 0, 'product', 50, 1, 2, 1, NOW()),
(273, '产品缺陷分析', 'folder', 0, 'product', 50, 1, 3, 1, NOW()),
(274, '产品业务知识', 'folder', 0, 'product', 50, 1, 4, 1, NOW()),
(275, '产品其他支持类文档', 'folder', 0, 'product', 50, 1, 5, 1, NOW()),
(276, '产品功能全景及功能测试指南', 'folder', 0, 'product', 51, 1, 1, 1, NOW()),
(277, '产品架构及关联产品', 'folder', 0, 'product', 51, 1, 2, 1, NOW()),
(278, '产品缺陷分析', 'folder', 0, 'product', 51, 1, 3, 1, NOW()),
(279, '产品业务知识', 'folder', 0, 'product', 51, 1, 4, 1, NOW()),
(280, '产品其他支持类文档', 'folder', 0, 'product', 51, 1, 5, 1, NOW()),
(281, '产品功能全景及功能测试指南', 'folder', 0, 'product', 52, 1, 1, 1, NOW()),
(282, '产品架构及关联产品', 'folder', 0, 'product', 52, 1, 2, 1, NOW()),
(283, '产品缺陷分析', 'folder', 0, 'product', 52, 1, 3, 1, NOW()),
(284, '产品业务知识', 'folder', 0, 'product', 52, 1, 4, 1, NOW()),
(285, '产品其他支持类文档', 'folder', 0, 'product', 52, 1, 5, 1, NOW()),
(286, '产品功能全景及功能测试指南', 'folder', 0, 'product', 53, 1, 1, 1, NOW()),
(287, '产品架构及关联产品', 'folder', 0, 'product', 53, 1, 2, 1, NOW()),
(288, '产品缺陷分析', 'folder', 0, 'product', 53, 1, 3, 1, NOW()),
(289, '产品业务知识', 'folder', 0, 'product', 53, 1, 4, 1, NOW()),
(290, '产品其他支持类文档', 'folder', 0, 'product', 53, 1, 5, 1, NOW()),
(291, '产品功能全景及功能测试指南', 'folder', 0, 'product', 54, 1, 1, 1, NOW()),
(292, '产品架构及关联产品', 'folder', 0, 'product', 54, 1, 2, 1, NOW()),
(293, '产品缺陷分析', 'folder', 0, 'product', 54, 1, 3, 1, NOW()),
(294, '产品业务知识', 'folder', 0, 'product', 54, 1, 4, 1, NOW()),
(295, '产品其他支持类文档', 'folder', 0, 'product', 54, 1, 5, 1, NOW()),
(296, '产品功能全景及功能测试指南', 'folder', 0, 'product', 55, 1, 1, 1, NOW()),
(297, '产品架构及关联产品', 'folder', 0, 'product', 55, 1, 2, 1, NOW()),
(298, '产品缺陷分析', 'folder', 0, 'product', 55, 1, 3, 1, NOW()),
(299, '产品业务知识', 'folder', 0, 'product', 55, 1, 4, 1, NOW()),
(300, '产品其他支持类文档', 'folder', 0, 'product', 55, 1, 5, 1, NOW()),
(301, '产品功能全景及功能测试指南', 'folder', 0, 'product', 56, 1, 1, 1, NOW()),
(302, '产品架构及关联产品', 'folder', 0, 'product', 56, 1, 2, 1, NOW()),
(303, '产品缺陷分析', 'folder', 0, 'product', 56, 1, 3, 1, NOW()),
(304, '产品业务知识', 'folder', 0, 'product', 56, 1, 4, 1, NOW()),
(305, '产品其他支持类文档', 'folder', 0, 'product', 56, 1, 5, 1, NOW()),
(306, '产品功能全景及功能测试指南', 'folder', 0, 'product', 57, 1, 1, 1, NOW()),
(307, '产品架构及关联产品', 'folder', 0, 'product', 57, 1, 2, 1, NOW()),
(308, '产品缺陷分析', 'folder', 0, 'product', 57, 1, 3, 1, NOW()),
(309, '产品业务知识', 'folder', 0, 'product', 57, 1, 4, 1, NOW()),
(310, '产品其他支持类文档', 'folder', 0, 'product', 57, 1, 5, 1, NOW()),
(311, '产品功能全景及功能测试指南', 'folder', 0, 'product', 58, 1, 1, 1, NOW()),
(312, '产品架构及关联产品', 'folder', 0, 'product', 58, 1, 2, 1, NOW()),
(313, '产品缺陷分析', 'folder', 0, 'product', 58, 1, 3, 1, NOW()),
(314, '产品业务知识', 'folder', 0, 'product', 58, 1, 4, 1, NOW()),
(315, '产品其他支持类文档', 'folder', 0, 'product', 58, 1, 5, 1, NOW()),
(316, '产品功能全景及功能测试指南', 'folder', 0, 'product', 59, 1, 1, 1, NOW()),
(317, '产品架构及关联产品', 'folder', 0, 'product', 59, 1, 2, 1, NOW()),
(318, '产品缺陷分析', 'folder', 0, 'product', 59, 1, 3, 1, NOW()),
(319, '产品业务知识', 'folder', 0, 'product', 59, 1, 4, 1, NOW()),
(320, '产品其他支持类文档', 'folder', 0, 'product', 59, 1, 5, 1, NOW()),
(321, '产品功能全景及功能测试指南', 'folder', 0, 'product', 60, 1, 1, 1, NOW()),
(322, '产品架构及关联产品', 'folder', 0, 'product', 60, 1, 2, 1, NOW()),
(323, '产品缺陷分析', 'folder', 0, 'product', 60, 1, 3, 1, NOW()),
(324, '产品业务知识', 'folder', 0, 'product', 60, 1, 4, 1, NOW()),
(325, '产品其他支持类文档', 'folder', 0, 'product', 60, 1, 5, 1, NOW()),
(326, '产品功能全景及功能测试指南', 'folder', 0, 'product', 61, 1, 1, 1, NOW()),
(327, '产品架构及关联产品', 'folder', 0, 'product', 61, 1, 2, 1, NOW()),
(328, '产品缺陷分析', 'folder', 0, 'product', 61, 1, 3, 1, NOW()),
(329, '产品业务知识', 'folder', 0, 'product', 61, 1, 4, 1, NOW()),
(330, '产品其他支持类文档', 'folder', 0, 'product', 61, 1, 5, 1, NOW()),
(331, '产品功能全景及功能测试指南', 'folder', 0, 'product', 62, 1, 1, 1, NOW()),
(332, '产品架构及关联产品', 'folder', 0, 'product', 62, 1, 2, 1, NOW()),
(333, '产品缺陷分析', 'folder', 0, 'product', 62, 1, 3, 1, NOW()),
(334, '产品业务知识', 'folder', 0, 'product', 62, 1, 4, 1, NOW()),
(335, '产品其他支持类文档', 'folder', 0, 'product', 62, 1, 5, 1, NOW()),
(336, '产品功能全景及功能测试指南', 'folder', 0, 'product', 63, 1, 1, 1, NOW()),
(337, '产品架构及关联产品', 'folder', 0, 'product', 63, 1, 2, 1, NOW()),
(338, '产品缺陷分析', 'folder', 0, 'product', 63, 1, 3, 1, NOW()),
(339, '产品业务知识', 'folder', 0, 'product', 63, 1, 4, 1, NOW()),
(340, '产品其他支持类文档', 'folder', 0, 'product', 63, 1, 5, 1, NOW()),
(341, '产品功能全景及功能测试指南', 'folder', 0, 'product', 64, 1, 1, 1, NOW()),
(342, '产品架构及关联产品', 'folder', 0, 'product', 64, 1, 2, 1, NOW()),
(343, '产品缺陷分析', 'folder', 0, 'product', 64, 1, 3, 1, NOW()),
(344, '产品业务知识', 'folder', 0, 'product', 64, 1, 4, 1, NOW()),
(345, '产品其他支持类文档', 'folder', 0, 'product', 64, 1, 5, 1, NOW()),
(346, '产品功能全景及功能测试指南', 'folder', 0, 'product', 65, 1, 1, 1, NOW()),
(347, '产品架构及关联产品', 'folder', 0, 'product', 65, 1, 2, 1, NOW()),
(348, '产品缺陷分析', 'folder', 0, 'product', 65, 1, 3, 1, NOW()),
(349, '产品业务知识', 'folder', 0, 'product', 65, 1, 4, 1, NOW()),
(350, '产品其他支持类文档', 'folder', 0, 'product', 65, 1, 5, 1, NOW()),
(351, '产品功能全景及功能测试指南', 'folder', 0, 'product', 66, 1, 1, 1, NOW()),
(352, '产品架构及关联产品', 'folder', 0, 'product', 66, 1, 2, 1, NOW()),
(353, '产品缺陷分析', 'folder', 0, 'product', 66, 1, 3, 1, NOW()),
(354, '产品业务知识', 'folder', 0, 'product', 66, 1, 4, 1, NOW()),
(355, '产品其他支持类文档', 'folder', 0, 'product', 66, 1, 5, 1, NOW()),
(356, '产品功能全景及功能测试指南', 'folder', 0, 'product', 67, 1, 1, 1, NOW()),
(357, '产品架构及关联产品', 'folder', 0, 'product', 67, 1, 2, 1, NOW()),
(358, '产品缺陷分析', 'folder', 0, 'product', 67, 1, 3, 1, NOW()),
(359, '产品业务知识', 'folder', 0, 'product', 67, 1, 4, 1, NOW()),
(360, '产品其他支持类文档', 'folder', 0, 'product', 67, 1, 5, 1, NOW()),
(361, '产品功能全景及功能测试指南', 'folder', 0, 'product', 68, 1, 1, 1, NOW()),
(362, '产品架构及关联产品', 'folder', 0, 'product', 68, 1, 2, 1, NOW()),
(363, '产品缺陷分析', 'folder', 0, 'product', 68, 1, 3, 1, NOW()),
(364, '产品业务知识', 'folder', 0, 'product', 68, 1, 4, 1, NOW()),
(365, '产品其他支持类文档', 'folder', 0, 'product', 68, 1, 5, 1, NOW()),
(366, '产品功能全景及功能测试指南', 'folder', 0, 'product', 69, 1, 1, 1, NOW()),
(367, '产品架构及关联产品', 'folder', 0, 'product', 69, 1, 2, 1, NOW()),
(368, '产品缺陷分析', 'folder', 0, 'product', 69, 1, 3, 1, NOW()),
(369, '产品业务知识', 'folder', 0, 'product', 69, 1, 4, 1, NOW()),
(370, '产品其他支持类文档', 'folder', 0, 'product', 69, 1, 5, 1, NOW()),
(371, '产品功能全景及功能测试指南', 'folder', 0, 'product', 70, 1, 1, 1, NOW()),
(372, '产品架构及关联产品', 'folder', 0, 'product', 70, 1, 2, 1, NOW()),
(373, '产品缺陷分析', 'folder', 0, 'product', 70, 1, 3, 1, NOW()),
(374, '产品业务知识', 'folder', 0, 'product', 70, 1, 4, 1, NOW()),
(375, '产品其他支持类文档', 'folder', 0, 'product', 70, 1, 5, 1, NOW()),
(376, '产品功能全景及功能测试指南', 'folder', 0, 'product', 71, 1, 1, 1, NOW()),
(377, '产品架构及关联产品', 'folder', 0, 'product', 71, 1, 2, 1, NOW()),
(378, '产品缺陷分析', 'folder', 0, 'product', 71, 1, 3, 1, NOW()),
(379, '产品业务知识', 'folder', 0, 'product', 71, 1, 4, 1, NOW()),
(380, '产品其他支持类文档', 'folder', 0, 'product', 71, 1, 5, 1, NOW()),
(381, '产品功能全景及功能测试指南', 'folder', 0, 'product', 72, 1, 1, 1, NOW()),
(382, '产品架构及关联产品', 'folder', 0, 'product', 72, 1, 2, 1, NOW()),
(383, '产品缺陷分析', 'folder', 0, 'product', 72, 1, 3, 1, NOW()),
(384, '产品业务知识', 'folder', 0, 'product', 72, 1, 4, 1, NOW()),
(385, '产品其他支持类文档', 'folder', 0, 'product', 72, 1, 5, 1, NOW()),
(386, '产品功能全景及功能测试指南', 'folder', 0, 'product', 73, 1, 1, 1, NOW()),
(387, '产品架构及关联产品', 'folder', 0, 'product', 73, 1, 2, 1, NOW()),
(388, '产品缺陷分析', 'folder', 0, 'product', 73, 1, 3, 1, NOW()),
(389, '产品业务知识', 'folder', 0, 'product', 73, 1, 4, 1, NOW()),
(390, '产品其他支持类文档', 'folder', 0, 'product', 73, 1, 5, 1, NOW()),
(391, '产品功能全景及功能测试指南', 'folder', 0, 'product', 74, 1, 1, 1, NOW()),
(392, '产品架构及关联产品', 'folder', 0, 'product', 74, 1, 2, 1, NOW()),
(393, '产品缺陷分析', 'folder', 0, 'product', 74, 1, 3, 1, NOW()),
(394, '产品业务知识', 'folder', 0, 'product', 74, 1, 4, 1, NOW()),
(395, '产品其他支持类文档', 'folder', 0, 'product', 74, 1, 5, 1, NOW()),
(396, '产品功能全景及功能测试指南', 'folder', 0, 'product', 75, 1, 1, 1, NOW()),
(397, '产品架构及关联产品', 'folder', 0, 'product', 75, 1, 2, 1, NOW()),
(398, '产品缺陷分析', 'folder', 0, 'product', 75, 1, 3, 1, NOW()),
(399, '产品业务知识', 'folder', 0, 'product', 75, 1, 4, 1, NOW()),
(400, '产品其他支持类文档', 'folder', 0, 'product', 75, 1, 5, 1, NOW()),
(401, '产品功能全景及功能测试指南', 'folder', 0, 'product', 76, 1, 1, 1, NOW()),
(402, '产品架构及关联产品', 'folder', 0, 'product', 76, 1, 2, 1, NOW()),
(403, '产品缺陷分析', 'folder', 0, 'product', 76, 1, 3, 1, NOW()),
(404, '产品业务知识', 'folder', 0, 'product', 76, 1, 4, 1, NOW()),
(405, '产品其他支持类文档', 'folder', 0, 'product', 76, 1, 5, 1, NOW()),
(406, '产品功能全景及功能测试指南', 'folder', 0, 'product', 77, 1, 1, 1, NOW()),
(407, '产品架构及关联产品', 'folder', 0, 'product', 77, 1, 2, 1, NOW()),
(408, '产品缺陷分析', 'folder', 0, 'product', 77, 1, 3, 1, NOW()),
(409, '产品业务知识', 'folder', 0, 'product', 77, 1, 4, 1, NOW()),
(410, '产品其他支持类文档', 'folder', 0, 'product', 77, 1, 5, 1, NOW()),
(411, '产品功能全景及功能测试指南', 'folder', 0, 'product', 78, 1, 1, 1, NOW()),
(412, '产品架构及关联产品', 'folder', 0, 'product', 78, 1, 2, 1, NOW()),
(413, '产品缺陷分析', 'folder', 0, 'product', 78, 1, 3, 1, NOW()),
(414, '产品业务知识', 'folder', 0, 'product', 78, 1, 4, 1, NOW()),
(415, '产品其他支持类文档', 'folder', 0, 'product', 78, 1, 5, 1, NOW()),
(416, '产品功能全景及功能测试指南', 'folder', 0, 'product', 79, 1, 1, 1, NOW()),
(417, '产品架构及关联产品', 'folder', 0, 'product', 79, 1, 2, 1, NOW()),
(418, '产品缺陷分析', 'folder', 0, 'product', 79, 1, 3, 1, NOW()),
(419, '产品业务知识', 'folder', 0, 'product', 79, 1, 4, 1, NOW()),
(420, '产品其他支持类文档', 'folder', 0, 'product', 79, 1, 5, 1, NOW()),
(421, '产品功能全景及功能测试指南', 'folder', 0, 'product', 80, 1, 1, 1, NOW()),
(422, '产品架构及关联产品', 'folder', 0, 'product', 80, 1, 2, 1, NOW()),
(423, '产品缺陷分析', 'folder', 0, 'product', 80, 1, 3, 1, NOW()),
(424, '产品业务知识', 'folder', 0, 'product', 80, 1, 4, 1, NOW()),
(425, '产品其他支持类文档', 'folder', 0, 'product', 80, 1, 5, 1, NOW());
